Issuer;Customer;Card;License plate No;Transactiondate;Product INV;Quantity;Gross CC;VAT;Voucher;Mileage;Corrected mileage;Additional info;Supply country;Site Town;Product DEL;Unitprice;Amount;Discount;Surcharge;VAT;Suppliercurrency;Invoice No;Invoice date;Invoiced?;VAT2010;State;Supplier;Cost 1;Cost 2;Reference No;Recordtype;Amount other;is listprice ?;Approval code;Date to;Final Trx.;LPI
710111;107248;195;BG 1007 - KX;2024-07-03 07:24:00;OMV EVRO DIZEL;42.46;8,258.47;1,376.41;00466027;181880;181880;                  ;SR;KRALJEVO;OMV EVRO DIZEL;194.500;8,258.47;0.00;0.00;1,376.41;RSD;8914381536;2024-07-15;YES;NO;117;OMV-RS;;;;D;8,704.30;Yes;772420;2024-07-03;1;
710111;107248;195;BG 1007 - KX;2024-07-24 13:37:00;OMV EVRO DIZEL;41.20;7,828.00;1,304.67;00479791;182660;182660;                  ;SR;KRALJEVO;OMV EVRO DIZEL;190.000;7,828.00;0.00;0.00;1,304.67;RSD;8914384142;2024-07-31;YES;NO;117;OMV-RS;;;;D;8,446.00;Yes;733720;2024-07-24;1;
710111;107248;195;BG 1007 - KX;2024-08-06 10:38:00;OMV EVRO DIZEL;42.39;7,926.93;1,321.15;00286338;183607;183607;                  ;SR;TRSTENIK;OMV EVRO DIZEL;187.000;7,926.93;0.00;0.00;1,321.15;RSD;8914386442;2024-08-15;YES;NO;117;OMV-RS;;;;D;8,520.40;Yes;703822;2024-08-06;1;
710111;107248;195;BG 1007 - KX;2024-08-19 10:05:00;OMV EVRO DIZEL;39.90;7,341.60;1,223.60;00496579;184405;184405;                  ;SR;KRALJEVO;OMV EVRO DIZEL;184.000;7,341.60;0.00;0.00;1,223.60;RSD;;;NO;NO;117;OMV-RS;;;;D;7,900.20;Yes;700518;2024-08-19;1;
710111;107248;393;BG 935 - NZ;2024-08-30 13:44:00;OMV EVRO DIZEL;15.38;2,783.78;463.96;00218150;259126;259126;                  ;SR;CACAK;OMV EVRO DIZEL;181.000;2,783.78;0.00;0.00;463.96;RSD;;;NO;NO;217;OMV-RS;;;;D;3,000.00;Yes;734458;2024-08-30;1;
710111;107248;393;BG 935 - NZ;2024-09-02 14:18:00;OMV EVRO DIZEL;41.21;7,994.70;;00445270;259349;259349;;SR;Lajkovac;OMV EVRO DIZEL;194.000;7,994.70;;;;RSD;;;NO;;0;OMV-RS;;;;D;0.00;;741912;2024-09-02;0;
710111;107248;393;BG 935 - NZ;2024-07-15 10:09:00;OMV EVRO DIZEL;44.86;8,702.84;1,450.47;00418226;256558;256558;                  ;SR;CELIJE;OMV EVRO DIZEL;194.000;8,702.84;0.00;0.00;1,450.47;RSD;8914381536;2024-07-15;YES;NO;117;OMV-RS;;;;D;9,330.90;Yes;701004;2024-07-15;1;
710111;107248;393;BG 935 - NZ;2024-07-29 12:50:00;OMV EVRO DIZEL;39.77;7,436.99;1,239.50;00426464;257358;257358;                  ;SR;CELIJE;OMV EVRO DIZEL;187.000;7,436.99;0.00;0.00;1,239.50;RSD;8914384142;2024-07-31;YES;NO;117;OMV-RS;;;;D;8,033.50;Yes;725043;2024-07-29;1;
710111;107248;393;BG 935 - NZ;2024-08-12 11:15:00;OMV EVRO DIZEL;38.24;7,036.16;1,172.69;00162235;258172;258172;                  ;SR;GORNJI MILANOVAC;OMV EVRO DIZEL;184.000;7,112.64;0.00;0.00;1,172.69;RSD;8914386442;2024-08-15;YES;NO;117;OMV-RS;;;;D;7,571.50;Yes;711518;2024-08-12;1;
710111;107248;120;BG 931 - IO;2024-08-05 16:08:00;OMV EVRO DIZEL;40.53;7,579.11;1,263.18;00404528;151175;151175;                  ;SR;RUMA;OMV EVRO DIZEL;187.000;7,579.11;0.00;0.00;1,263.18;RSD;8914386442;2024-08-15;YES;NO;217;OMV-RS;;;;D;8,146.50;Yes;760835;2024-08-05;1;
710111;107248;120;BG 931 - IO;2024-08-30 05:47:00;OMV EVRO DIZEL;39.43;7,136.83;1,189.47;00482467;152718;152718;                  ;SR;LOZNICA;OMV EVRO DIZEL;181.000;7,136.83;0.00;0.00;1,189.47;RSD;;;NO;NO;117;OMV-RS;;;;D;7,688.90;Yes;754721;2024-08-30;1;
710111;107248;120;BG 931 - IO;2024-07-10 05:52:00;OMV EVRO DIZEL;34.22;6,672.90;1,112.15;00447545;148139;148139;                  ;SR;LOZNICA;OMV EVRO DIZEL;195.000;6,672.90;0.00;0.00;1,112.15;RSD;8914381536;2024-07-15;YES;NO;117;OMV-RS;;;;D;7,117.80;Yes;755221;2024-07-10;1;
710111;107248;120;BG 931 - IO;2024-07-12 17:13:00;OMV EVRO DIZEL;43.27;8,437.65;1,406.27;00449246;148979;148979;                  ;SR;LOZNICA;OMV EVRO DIZEL;195.000;8,437.65;0.00;0.00;1,406.27;RSD;8914381536;2024-07-15;YES;NO;117;OMV-RS;;;;D;9,000.20;Yes;771417;2024-07-12;1;
710111;107248;120;BG 931 - IO;2024-07-29 05:43:00;OMV EVRO DIZEL;42.52;7,951.24;1,325.21;00460493;150135;150135;                  ;SR;LOZNICA;OMV EVRO DIZEL;187.000;7,951.24;0.00;0.00;1,325.21;RSD;8914384142;2024-07-31;YES;NO;117;OMV-RS;;;;D;8,589.00;Yes;754331;2024-07-29;1;
710111;107248;120;BG 931 - IO;2024-08-26 05:44:00;OMV EVRO DIZEL;37.52;6,791.12;1,131.85;00480096;151864;151864;                  ;SR;LOZNICA;OMV EVRO DIZEL;181.000;6,791.12;0.00;0.00;1,131.85;RSD;;;NO;NO;117;OMV-RS;;;;D;7,316.40;Yes;754436;2024-08-26;1;
710111;107248;153;BG 996 - FH;2024-07-10 21:14:00;ED MAXXMOTION;43.29;9,995.70;1,665.95;00171402;0;0;                  ;SR;BUBANJ POTOK;ED MAXXMOTION;230.901;9,995.70;0.00;0.00;1,665.95;RSD;8914381536;2024-07-15;YES;NO;217;OMV-RS;;;;D;0.00;No;711522;2024-07-10;1;
710111;107248;153;BG 996 - FH;2024-08-01 16:35:00;ED MAXXMOTION;44.42;9,990.10;1,665.02;00443931;0;0;                  ;SR;BUBANJ POTOK;ED MAXXMOTION;224.901;9,990.10;0.00;0.00;1,665.02;RSD;8914386442;2024-08-15;YES;NO;217;OMV-RS;;;;D;0.00;No;763509;2024-08-01;1;
710111;107248;468;BG 2643 - UO;2024-08-15 11:02:00;OMV EVRO DIZEL;45.47;8,366.48;1,394.41;00315429;0;0;                  ;SR;UZICE;OMV EVRO DIZEL;184.000;8,366.48;0.00;0.00;1,394.41;RSD;8914386442;2024-08-15;YES;NO;117;OMV-RS;;;;D;9,003.10;Yes;710253;2024-08-15;1;
710111;107248;468;BG 2643 - UO;2024-08-26 12:18:00;ED MAXXMOTION;45.03;9,181.60;1,530.27;00325714;0;0;                  ;SR;KOVIN;ED MAXXMOTION;203.900;9,181.60;0.00;0.00;1,530.27;RSD;;;NO;NO;117;OMV-RS;;;;D;0.00;No;721831;2024-08-26;1;
710111;107248;468;BG 2643 - UO;2024-07-08 10:34:00;ED MAXXMOTION;50.02;10,849.30;1,808.22;00281109;0;0;                  ;SR;KNEZEVAC;ED MAXXMOTION;216.899;10,849.30;0.00;0.00;1,808.22;RSD;8914381536;2024-07-15;YES;NO;217;OMV-RS;;;;D;0.00;No;703447;2024-07-08;1;
710111;107248;468;BG 2643 - UO;2024-07-12 20:21:00;ED MAXXMOTION;46.82;10,155.30;1,692.55;00300327;0;0;                  ;SR;UZICE;ED MAXXMOTION;216.901;10,155.30;0.00;0.00;1,692.55;RSD;8914381536;2024-07-15;YES;NO;117;OMV-RS;;;;D;0.00;No;702143;2024-07-12;1;
710111;107248;468;BG 2643 - UO;2024-07-21 19:36:00;ED MAXXMOTION;49.56;10,600.90;1,766.82;00294690;0;0;                  ;SR;ADA CIGANLIJA;ED MAXXMOTION;213.900;10,600.90;0.00;0.00;1,766.82;RSD;8914384142;2024-07-31;YES;NO;217;OMV-RS;;;;D;0.00;No;793610;2024-07-21;1;
710111;107248;468;BG 2643 - UO;2024-07-26 13:18:00;ED MAXXMOTION;58.77;12,570.90;2,095.15;00373632;0;0;                  ;SR;JAGODINA;ED MAXXMOTION;213.900;12,570.90;0.00;0.00;2,095.15;RSD;8914384142;2024-07-31;YES;NO;117;OMV-RS;;;;D;0.00;No;731837;2024-07-26;1;
710111;107248;468;BG 2643 - UO;2024-08-10 16:52:00;OMV EVRO DIZEL;36.34;6,686.56;1,114.43;00170556;0;0;                  ;SR;UZICE;OMV EVRO DIZEL;184.000;6,759.24;0.00;0.00;1,114.43;RSD;8914386442;2024-08-15;YES;NO;117;OMV-RS;;;;D;7,195.30;Yes;765234;2024-08-10;1;
710111;107248;468;BG 2643 - UO;2024-08-19 08:32:00;ED MAXXMOTION;44.00;9,103.60;1,517.27;00306330;0;0;                  ;SR;ADA CIGANLIJA;ED MAXXMOTION;206.900;9,103.60;0.00;0.00;1,517.27;RSD;;;NO;NO;217;OMV-RS;;;;D;0.00;No;783228;2024-08-19;1;
710111;107248;468;BG 2643 - UO;2024-08-23 10:03:00;ED MAXXMOTION;4.83;1,000.00;166.67;00172775;0;0;                  ;SR;UZICE;ED MAXXMOTION;207.039;1,000.00;0.00;0.00;166.67;RSD;;;NO;NO;117;OMV-RS;;;;D;0.00;No;700413;2024-08-23;1;
710111;107248;468;BG 2643 - UO;2024-08-23 10:05:00;ED MAXXMOTION;25.02;5,176.60;862.77;00172776;0;0;                  ;SR;UZICE;ED MAXXMOTION;206.898;5,176.60;0.00;0.00;862.77;RSD;;;NO;NO;117;OMV-RS;;;;D;0.00;No;700537;2024-08-23;1;
710111;107248;203;BG 2640 - AC;2024-07-03 16:12:00;OMV EVRO DIZEL;42.78;8,320.71;1,386.78;00492725;0;0;                  ;SR;BESKA 1;OMV EVRO DIZEL;194.500;8,320.71;0.00;0.00;1,386.78;RSD;8914381536;2024-07-15;YES;NO;217;OMV-RS;;;;D;8,769.90;Yes;761220;2024-07-03;1;
710111;107248;203;BG 2640 - AC;2024-07-08 10:14:00;OMV EVRO DIZEL;39.43;7,787.43;1,297.90;00161871;0;0;                  ;SR;BESKA 2;OMV EVRO DIZEL;197.500;7,787.43;0.00;0.00;1,297.90;RSD;8914381536;2024-07-15;YES;NO;217;OMV-RS;;;;D;8,201.40;Yes;701459;2024-07-08;1;
710111;107248;203;BG 2640 - AC;2024-07-12 15:28:00;OMV EVRO DIZEL;42.43;8,273.85;1,378.97;00500213;0;0;                  ;SR;BESKA 1;OMV EVRO DIZEL;195.000;8,273.85;0.00;0.00;1,378.97;RSD;8914381536;2024-07-15;YES;NO;217;OMV-RS;;;;D;8,825.40;Yes;752902;2024-07-12;1;
710111;107248;203;BG 2640 - AC;2024-07-22 07:04:00;OMV EVRO DIZEL;45.19;8,586.10;1,431.02;00373586;0;0;                  ;SR;OBILAZNICA 1;OMV EVRO DIZEL;190.000;8,586.10;0.00;0.00;1,431.02;RSD;8914384142;2024-07-31;YES;NO;217;OMV-RS;;;;D;9,264.00;Yes;770431;2024-07-22;1;
710111;107248;203;BG 2640 - AC;2024-07-25 16:49:00;OMV EVRO DIZEL;48.74;9,260.60;1,543.43;00511837;0;0;                  ;SR;BESKA 1;OMV EVRO DIZEL;190.000;9,260.60;0.00;0.00;1,543.43;RSD;8914384142;2024-07-31;YES;NO;217;OMV-RS;;;;D;9,991.70;Yes;764909;2024-07-25;1;
710111;107248;203;BG 2640 - AC;2024-07-31 16:22:00;OMV EVRO DIZEL;40.59;7,630.92;1,271.82;00517315;0;0;                  ;SR;BESKA 1;OMV EVRO DIZEL;188.000;7,630.92;0.00;0.00;1,271.82;RSD;8914384142;2024-07-31;YES;NO;217;OMV-RS;;;;D;8,199.20;Yes;762236;2024-07-31;1;
710111;107248;203;BG 2640 - AC;2024-08-20 12:49:00;OMV EVRO DIZEL;42.32;7,786.88;1,297.81;00532127;0;0;                  ;SR;BESKA 2;OMV EVRO DIZEL;184.000;7,786.88;0.00;0.00;1,297.81;RSD;;;NO;NO;217;OMV-RS;;;;D;8,379.40;Yes;724954;2024-08-20;1;
710111;107248;203;BG 2640 - AC;2024-08-25 13:32:00;OMV EVRO DIZEL;41.92;7,587.52;1,264.59;00065614;0;0;                  ;SR;OBILAZNICA 1;OMV EVRO DIZEL;181.000;7,587.52;0.00;0.00;1,264.59;RSD;;;NO;NO;217;OMV-RS;;;;D;8,174.40;Yes;733214;2024-08-25;1;
710111;107248;203;BG 2640 - AC;2024-08-30 07:26:00;OMV EVRO DIZEL;39.72;7,189.32;1,198.22;00540503;0;0;                  ;SR;BESKA 2;OMV EVRO DIZEL;181.000;7,189.32;0.00;0.00;1,198.22;RSD;;;NO;NO;217;OMV-RS;;;;D;7,745.40;Yes;772622;2024-08-30;1;
710111;107248;369;BG 2484 - PC;2024-08-30 14:51:00;OMV EVRO DIZEL;43.62;7,895.22;1,315.87;00020285;296772;296772;                  ;SR;RUMA;OMV EVRO DIZEL;181.000;7,895.22;0.00;0.00;1,315.87;RSD;;;NO;NO;217;OMV-RS;;;;D;8,505.90;Yes;745158;2024-08-30;1;
710111;107248;369;BG 2484 - PC;2024-07-09 09:04:00;OMV EVRO DIZEL;50.00;9,750.00;1,625.00;00036449;292495;292495;                  ;SR;SABAC;OMV EVRO DIZEL;195.000;9,750.00;0.00;0.00;1,625.00;RSD;8914381536;2024-07-15;YES;NO;117;OMV-RS;;;;D;10,400.00;Yes;790455;2024-07-09;1;
710111;107248;369;BG 2484 - PC;2024-07-15 12:44:00;OMV EVRO DIZEL;45.69;8,863.86;1,477.31;00451298;293300;293300;                  ;SR;MARTINCI 1;OMV EVRO DIZEL;194.000;8,863.86;0.00;0.00;1,477.31;RSD;8914381536;2024-07-15;YES;NO;217;OMV-RS;;;;D;9,503.50;Yes;724443;2024-07-15;1;
710111;107248;369;BG 2484 - PC;2024-07-23 12:10:00;OMV EVRO DIZEL;47.98;9,116.20;1,519.37;00458400;294094;294094;                  ;SR;MARTINCI 1;OMV EVRO DIZEL;190.000;9,116.20;0.00;0.00;1,519.37;RSD;8914384142;2024-07-31;YES;NO;217;OMV-RS;;;;D;9,835.90;Yes;721021;2024-07-23;1;
710111;107248;369;BG 2484 - PC;2024-07-31 16:37:00;OMV EVRO DIZEL;48.00;9,024.00;1,504.00;00038614;294997;294997;                  ;SR;SABAC;OMV EVRO DIZEL;188.000;9,024.00;0.00;0.00;1,504.00;RSD;8914384142;2024-07-31;YES;NO;117;OMV-RS;;;;D;9,696.00;Yes;763745;2024-07-31;1;
710111;107248;369;BG 2484 - PC;2024-08-09 15:18:00;OMV EVRO DIZEL;47.00;8,648.00;1,441.33;00254245;295903;295903;                  ;SR;SABAC;OMV EVRO DIZEL;184.000;8,742.00;0.00;0.00;1,441.33;RSD;8914386442;2024-08-15;YES;NO;117;OMV-RS;;;;D;9,306.00;Yes;751825;2024-08-09;1;
710111;107248;62;BG 935 - NT;2024-08-15 11:22:00;ED MAXXMOTION;46.95;9,714.00;1,619.00;00304360;206512;206512;                  ;SR;ADA CIGANLIJA;ED MAXXMOTION;206.901;9,714.00;0.00;0.00;1,619.00;RSD;8914386442;2024-08-15;YES;NO;217;OMV-RS;;;;D;0.00;No;712218;2024-08-15;1;
710111;107248;39;BG 2013 - UK;2024-07-04 06:58:00;ED MAXXMOTION;54.33;11,621.20;1,936.87;00411683;66654;66654;                  ;SR;CELIJE;ED MAXXMOTION;213.900;11,621.20;0.00;0.00;1,936.87;RSD;8914381536;2024-07-15;YES;NO;117;OMV-RS;;;;D;0.00;No;765853;2024-07-04;1;
710111;107248;39;BG 2013 - UK;2024-07-31 09:45:00;ED MAXXMOTION;53.58;11,300.00;1,883.33;00498292;60500;60500;                  ;SR;ADA CIGANLIJA;ED MAXXMOTION;210.900;11,300.00;0.00;0.00;1,883.33;RSD;8914384142;2024-07-31;YES;NO;217;OMV-RS;;;;D;0.00;No;794556;2024-07-31;1;
710111;107248;39;BG 2013 - UK;2024-08-27 13:15:00;ED MAXXMOTION;52.57;11,455.00;1,909.17;00536448;71209;71209;                  ;SR;BESKA 1;ED MAXXMOTION;217.900;11,455.00;0.00;0.00;1,909.17;RSD;;;NO;NO;217;OMV-RS;;;;D;0.00;No;731552;2024-08-27;1;
710111;107248;104;BG 2018 - RN;2024-07-03 09:13:00;OMV EVRO DIZEL;47.38;9,215.41;1,535.90;00443760;70655;70655;                  ;SR;KRUSEVAC;OMV EVRO DIZEL;194.500;9,215.41;0.00;0.00;1,535.90;RSD;8914381536;2024-07-15;YES;NO;117;OMV-RS;;;;D;9,712.90;Yes;791330;2024-07-03;1;
710111;107248;104;BG 2018 - RN;2024-08-01 15:29:00;ED MAXXMOTION;40.07;8,450.80;1,408.47;00328126;73358;73358;                  ;SR;VRBAS;ED MAXXMOTION;210.901;8,450.80;0.00;0.00;1,408.47;RSD;8914386442;2024-08-15;YES;NO;117;OMV-RS;;;;D;0.00;No;753011;2024-08-01;1;
710111;107248;104;BG 2018 - RN;2024-08-08 15:30:00;ED MAXXMOTION;46.35;9,728.90;1,621.48;00331298;74770;74770;                  ;SR;VRBAS;ED MAXXMOTION;209.901;9,728.90;0.00;0.00;1,621.48;RSD;8914386442;2024-08-15;YES;NO;117;OMV-RS;;;;D;0.00;No;753038;2024-08-08;1;
710111;107248;104;BG 2018 - RN;2024-07-15 18:20:00;OMV EVRO DIZEL;44.24;8,582.56;1,430.43;00503387;72020;72020;                  ;SR;BESKA 1;OMV EVRO DIZEL;194.000;8,582.56;0.00;0.00;1,430.43;RSD;8914381536;2024-07-15;YES;NO;217;OMV-RS;;;;D;9,201.90;Yes;782022;2024-07-15;1;
710111;107248;104;BG 2018 - RN;2024-07-10 15:45:00;ED MAXXMOTION;42.01;9,700.10;1,616.68;00391557;71266;71266;                  ;SR;LAPOVO SEVER;ED MAXXMOTION;230.900;9,700.10;0.00;0.00;1,616.68;RSD;8914381536;2024-07-15;YES;NO;217;OMV-RS;;;;D;0.00;No;755319;2024-07-10;1;
710111;107248;104;BG 2018 - RN;2024-07-30 08:30:00;ED MAXXMOTION;44.44;9,994.60;1,665.77;00512564;0;0;                  ;SR;BESKA 2;ED MAXXMOTION;224.901;9,994.60;0.00;0.00;1,665.77;RSD;8914384142;2024-07-31;YES;NO;217;OMV-RS;;;;D;0.00;No;783059;2024-07-30;1;
710111;107248;104;BG 2018 - RN;2024-08-05 17:13:00;OMV EVRO DIZEL;35.02;6,548.74;1,091.46;00522075;73958;73958;                  ;SR;BESKA 1;OMV EVRO DIZEL;187.000;6,548.74;0.00;0.00;1,091.46;RSD;8914386442;2024-08-15;YES;NO;217;OMV-RS;;;;D;7,039.00;Yes;771406;2024-08-05;1;
710111;107248;104;BG 2018 - RN;2024-08-05 17:19:00;AdBlue;4.04;279.89;46.65;00522077;73958;73958;                  ;SR;BESKA 1;AdBlue;69.280;279.89;0.00;0.00;46.65;RSD;8914386442;2024-08-15;YES;NO;217;OMV-RS;;;;D;501.00;Yes;771945;2024-08-05;1;
710111;107248;104;BG 2018 - RN;2024-08-13 16:39:00;ED MAXXMOTION;45.25;9,995.70;1,665.95;00195398;75378;75378;                  ;SR;BESKA 1;ED MAXXMOTION;220.899;9,995.70;0.00;0.00;1,665.95;RSD;8914386442;2024-08-15;YES;NO;217;OMV-RS;;;;D;0.00;No;763957;2024-08-13;1;
710111;107248;104;BG 2018 - RN;2024-09-02 08:59:00;ED MAXXMOTION;45.00;9,850.50;;00171243;76188;76188;;SR;Martinci;ED MAXXMOTION;218.900;9,850.50;;;;RSD;;;NO;;0;OMV-RS;;;;D;0.00;;785921;2024-09-02;0;
710111;107248;401;BG 1008 - VB;2024-07-25 07:27:00;OMV EVRO DIZEL;49.94;9,488.60;1,581.43;00430881;85433;85433;                  ;SR;OBILAZNICA 1;OMV EVRO DIZEL;190.000;9,488.60;0.00;0.00;1,581.43;RSD;8914384142;2024-07-31;YES;NO;217;OMV-RS;;;;D;10,237.70;Yes;772721;2024-07-25;1;
710111;107248;385;BG 931 - IP;2024-08-15 15:27:00;OMV EVRO DIZEL;32.00;5,888.00;981.33;00304523;144971;144971;                  ;SR;ADA CIGANLIJA;OMV EVRO DIZEL;184.000;5,888.00;0.00;0.00;981.33;RSD;8914386442;2024-08-15;YES;NO;217;OMV-RS;;;;D;6,336.00;Yes;752752;2024-08-15;1;
710111;107248;385;BG 931 - IP;2024-07-08 13:43:00;OMV EVRO DIZEL;34.22;6,758.45;1,126.41;00484792;143380;143380;                  ;SR;ADA CIGANLIJA;OMV EVRO DIZEL;197.500;6,758.45;0.00;0.00;1,126.41;RSD;8914381536;2024-07-15;YES;NO;217;OMV-RS;;;;D;7,117.80;Yes;734342;2024-07-08;1;
710111;107248;385;BG 931 - IP;2024-07-16 17:01:00;OMV EVRO DIZEL;35.81;6,911.33;1,151.89;00489982;0;0;                  ;SR;ADA CIGANLIJA;OMV EVRO DIZEL;193.000;6,911.33;0.00;0.00;1,151.89;RSD;8914384142;2024-07-31;YES;NO;217;OMV-RS;;;;D;7,448.50;Yes;770118;2024-07-16;1;
710111;107248;385;BG 931 - IP;2024-07-24 18:46:00;OMV EVRO DIZEL;42.19;8,016.10;1,336.02;00171400;144454;144454;                  ;SR;INDJIJA;OMV EVRO DIZEL;190.000;8,016.10;0.00;0.00;1,336.02;RSD;8914384142;2024-07-31;YES;NO;117;OMV-RS;;;;D;8,649.00;Yes;784641;2024-07-24;1;
710111;107248;385;BG 931 - IP;2024-08-27 09:09:00;OMV EVRO DIZEL;32.06;5,802.86;967.14;00309737;145988;145988;                  ;SR;ADA CIGANLIJA;OMV EVRO DIZEL;181.000;5,802.86;0.00;0.00;967.14;RSD;;;NO;NO;217;OMV-RS;;;;D;6,251.70;Yes;791007;2024-08-27;1;
710111;107248;179;BG 2610 - ZC;2024-07-08 11:52:00;OMV EVRO DIZEL;50.00;9,875.00;1,645.83;00427813;155400;155400;                  ;SR;BUBANJ POTOK;OMV EVRO DIZEL;197.500;9,875.00;0.00;0.00;1,645.83;RSD;8914381536;2024-07-15;YES;NO;217;OMV-RS;;;;D;10,400.00;Yes;715242;2024-07-08;1;
710111;107248;179;BG 2610 - ZC;2024-07-23 06:51:00;OMV EVRO DIZEL;50.01;9,501.90;1,583.65;00374330;156500;156500;                  ;SR;OBILAZNICA 1;OMV EVRO DIZEL;190.000;9,501.90;0.00;0.00;1,583.65;RSD;8914384142;2024-07-31;YES;NO;217;OMV-RS;;;;D;10,252.10;Yes;765113;2024-07-23;1;
710111;107248;245;BG 1576 - KU;2024-08-02 17:13:00;OMV EVRO DIZEL;35.98;6,728.26;1,121.38;00444685;0;0;                  ;SR;BUBANJ POTOK;OMV EVRO DIZEL;187.000;6,728.26;0.00;0.00;1,121.38;RSD;8914386442;2024-08-15;YES;NO;217;OMV-RS;;;;D;7,232.00;Yes;771314;2024-08-02;1;
710111;107248;245;BG 1576 - KU;2024-08-16 14:00:00;OMV EVRO DIZEL;39.76;7,315.84;1,219.31;00071415;0;0;                  ;SR;BUBANJ POTOK;OMV EVRO DIZEL;184.000;7,315.84;0.00;0.00;1,219.31;RSD;;;NO;NO;217;OMV-RS;;;;D;7,872.50;Yes;740042;2024-08-16;1;
710111;107248;245;BG 1576 - KU;2024-08-19 12:05:00;AdBlue;8.34;577.80;96.30;00179416;0;0;                  ;SR;BUBANJ POTOK;AdBlue;69.280;577.80;0.00;0.00;96.30;RSD;;;NO;NO;217;OMV-RS;;;;D;1,034.20;Yes;720520;2024-08-19;1;
710111;107248;245;BG 1576 - KU;2024-08-23 17:09:00;OMV EVRO DIZEL;40.67;7,361.27;1,226.88;00180371;0;0;                  ;SR;BUBANJ POTOK;OMV EVRO DIZEL;181.000;7,361.27;0.00;0.00;1,226.88;RSD;;;NO;NO;217;OMV-RS;;;;D;7,930.70;Yes;771005;2024-08-23;1;
710111;107248;245;BG 1576 - KU;2024-09-02 13:40:00;OMV EVRO DIZEL;39.48;7,659.10;;00466520;;;;SR;Belgrade;OMV EVRO DIZEL;194.000;7,659.10;;;;RSD;;;NO;;0;OMV-RS;;;;D;0.00;;734012;2024-09-02;0;
710111;107248;302;BG 2024 - OV;2024-07-23 06:54:00;OMV EVRO DIZEL;44.95;8,540.50;1,423.42;00293888;0;0;                  ;SR;NIS;OMV EVRO DIZEL;190.000;8,540.50;0.00;0.00;1,423.42;RSD;8914384142;2024-07-31;YES;NO;217;OMV-RS;;;;D;9,214.80;Yes;765429;2024-07-23;1;
710111;107248;302;BG 2024 - OV;2024-07-03 07:24:00;OMV EVRO DIZEL;46.39;9,022.86;1,503.81;00286185;0;0;                  ;SR;NIS;OMV EVRO DIZEL;194.500;9,022.86;0.00;0.00;1,503.81;RSD;8914381536;2024-07-15;YES;NO;217;OMV-RS;;;;D;9,510.00;Yes;772443;2024-07-03;1;
710111;107248;302;BG 2024 - OV;2024-07-16 10:10:00;OMV EVRO DIZEL;49.56;9,565.08;1,594.18;00291214;0;0;                  ;SR;NIS;OMV EVRO DIZEL;193.000;9,565.08;0.00;0.00;1,594.18;RSD;8914384142;2024-07-31;YES;NO;217;OMV-RS;;;;D;10,308.50;Yes;701019;2024-07-16;1;
710111;107248;302;BG 2024 - OV;2024-07-27 09:50:00;OMV EVRO DIZEL;37.51;7,014.37;1,169.06;00295513;0;0;                  ;SR;NIS;OMV EVRO DIZEL;187.000;7,014.37;0.00;0.00;1,169.06;RSD;8914384142;2024-07-31;YES;NO;217;OMV-RS;;;;D;7,577.00;Yes;795028;2024-07-27;1;
710111;107248;302;BG 2024 - OV;2024-08-06 08:23:00;AdBlue;5.89;408.06;68.01;00299260;0;0;                  ;SR;NIS;AdBlue;69.280;408.06;0.00;0.00;68.01;RSD;8914386442;2024-08-15;YES;NO;217;OMV-RS;;;;D;647.90;Yes;782331;2024-08-06;1;
710111;107248;302;BG 2024 - OV;2024-08-06 08:23:00;OMV EVRO DIZEL;46.24;8,646.88;1,441.15;00299260;0;0;                  ;SR;NIS;OMV EVRO DIZEL;187.000;8,646.88;0.00;0.00;1,441.15;RSD;8914386442;2024-08-15;YES;NO;217;OMV-RS;;;;D;9,294.20;Yes;782331;2024-08-06;1;
710111;107248;302;BG 2024 - OV;2024-08-09 13:48:00;OMV EVRO DIZEL;34.54;6,424.44;1,070.74;00300543;0;0;                  ;SR;NIS;OMV EVRO DIZEL;186.000;6,424.44;0.00;0.00;1,070.74;RSD;8914386442;2024-08-15;YES;NO;217;OMV-RS;;;;D;6,942.50;Yes;734854;2024-08-09;1;
710111;107248;302;BG 2024 - OV;2024-08-13 17:03:00;OMV EVRO DIZEL;50.50;9,292.00;1,548.67;00296188;0;0;                  ;SR;NIS 2;OMV EVRO DIZEL;184.000;9,292.00;0.00;0.00;1,548.67;RSD;8914386442;2024-08-15;YES;NO;217;OMV-RS;;;;D;9,999.00;Yes;770320;2024-08-13;1;
710111;107248;302;BG 2024 - OV;2024-08-26 07:54:00;OMV EVRO DIZEL;46.59;8,432.79;1,405.46;00306989;0;0;                  ;SR;NIS;OMV EVRO DIZEL;181.000;8,432.79;0.00;0.00;1,405.46;RSD;;;NO;NO;217;OMV-RS;;;;D;9,085.10;Yes;775453;2024-08-26;1;
710111;107248;310;BG 2045 - FC;2024-08-15 08:08:00;OMV EVRO DIZEL;38.32;7,050.88;1,175.15;00070983;87721;87721;                  ;SR;BUBANJ POTOK;OMV EVRO DIZEL;184.000;7,050.88;0.00;0.00;1,175.15;RSD;8914386442;2024-08-15;YES;NO;217;OMV-RS;;;;D;7,587.40;Yes;780830;2024-08-15;1;
710111;107248;310;BG 2045 - FC;2024-08-15 15:29:00;OMV EVRO DIZEL;33.69;6,198.96;1,033.16;00304242;88120;88120;                  ;SR;RAZANJ;OMV EVRO DIZEL;184.000;6,198.96;0.00;0.00;1,033.16;RSD;8914386442;2024-08-15;YES;NO;217;OMV-RS;;;;D;6,670.60;Yes;752918;2024-08-15;1;
710111;107248;310;BG 2045 - FC;2024-08-23 10:23:00;ED MAXXMOTION;31.74;6,567.00;1,094.50;00172783;88560;88560;                  ;SR;UZICE;ED MAXXMOTION;206.900;6,567.00;0.00;0.00;1,094.50;RSD;;;NO;NO;117;OMV-RS;;;;D;0.00;No;702335;2024-08-23;1;
710111;107248;161;BG 2622 - UX;2024-08-01 08:15:00;OMV EVRO DIZEL;45.49;8,552.12;1,425.35;00368264;252067;252067;                  ;SR;NIS 4;OMV EVRO DIZEL;188.000;8,552.12;0.00;0.00;1,425.35;RSD;8914386442;2024-08-15;YES;NO;117;OMV-RS;;;;D;9,189.00;Yes;781542;2024-08-01;1;
710111;107248;161;BG 2622 - UX;2024-07-09 08:17:00;OMV EVRO DIZEL;42.30;8,248.50;1,374.75;00358242;248896;248896;                  ;SR;NIS 4;OMV EVRO DIZEL;195.000;8,248.50;0.00;0.00;1,374.75;RSD;8914381536;2024-07-15;YES;NO;117;OMV-RS;;;;D;8,798.40;Yes;781754;2024-07-09;1;
710111;107248;161;BG 2622 - UX;2024-07-13 15:01:00;OMV EVRO DIZEL;43.42;8,423.48;1,403.91;00360283;249602;249602;                  ;SR;NIS 4;OMV EVRO DIZEL;194.000;8,423.48;0.00;0.00;1,403.91;RSD;8914381536;2024-07-15;YES;NO;117;OMV-RS;;;;D;9,031.40;Yes;750147;2024-07-13;1;
710111;107248;161;BG 2622 - UX;2024-07-22 00:27:00;OMV EVRO DIZEL;41.19;7,826.10;1,304.35;00279945;250463;250463;                  ;SR;TRSTENIK;OMV EVRO DIZEL;190.000;7,826.10;0.00;0.00;1,304.35;RSD;8914384142;2024-07-31;YES;NO;117;OMV-RS;;;;D;8,444.00;Yes;702750;2024-07-22;1;
710111;107248;161;BG 2622 - UX;2024-07-25 15:35:00;OMV EVRO DIZEL;47.45;9,015.50;1,502.58;00365477;251252;251252;                  ;SR;NIS 4;OMV EVRO DIZEL;190.000;9,015.50;0.00;0.00;1,502.58;RSD;8914384142;2024-07-31;YES;NO;117;OMV-RS;;;;D;9,727.30;Yes;753548;2024-07-25;1;
710111;107248;161;BG 2622 - UX;2024-08-23 13:13:00;OMV EVRO DIZEL;48.48;8,871.84;1,478.64;00267887;252950;252950;                  ;SR;GRADINA;OMV EVRO DIZEL;183.000;8,871.84;0.00;0.00;1,478.64;RSD;;;NO;NO;217;OMV-RS;;;;D;9,599.00;Yes;731350;2024-08-23;1;
710111;107248;419;BG 1053 - TC;2024-08-28 16:53:00;OMV EVRO DIZEL;35.80;6,479.80;1,079.97;00415009;0;0;                  ;SR;BULEVAR;OMV EVRO DIZEL;181.000;6,479.80;0.00;0.00;1,079.97;RSD;;;NO;NO;117;OMV-RS;;;;D;6,981.00;Yes;765327;2024-08-28;1;
710111;107248;419;BG 1053 - TC;2024-07-07 14:12:00;OMV EVRO DIZEL;38.17;7,538.58;1,256.43;00386820;0;0;                  ;SR;BULEVAR;OMV EVRO DIZEL;197.500;7,538.58;0.00;0.00;1,256.43;RSD;8914381536;2024-07-15;YES;NO;117;OMV-RS;;;;D;7,939.40;Yes;741223;2024-07-07;1;
710111;107248;419;BG 1053 - TC;2024-07-15 19:24:00;OMV EVRO DIZEL;38.51;7,470.94;1,245.16;00391580;0;0;                  ;SR;BULEVAR;OMV EVRO DIZEL;194.000;7,470.94;0.00;0.00;1,245.16;RSD;8914381536;2024-07-15;YES;NO;117;OMV-RS;;;;D;8,010.10;Yes;792455;2024-07-15;1;
710111;107248;419;BG 1053 - TC;2024-07-18 18:40:00;ED MAXXMOTION;22.46;4,871.60;811.93;00393287;0;0;                  ;SR;BULEVAR;ED MAXXMOTION;216.901;4,871.60;0.00;0.00;811.93;RSD;8914384142;2024-07-31;YES;NO;117;OMV-RS;;;;D;0.00;No;784043;2024-07-18;1;
710111;107248;419;BG 1053 - TC;2024-07-24 07:52:00;ED MAXXMOTION;36.88;7,888.60;1,314.77;00396203;0;0;                  ;SR;BULEVAR;ED MAXXMOTION;213.899;7,888.60;0.00;0.00;1,314.77;RSD;8914384142;2024-07-31;YES;NO;117;OMV-RS;;;;D;0.00;No;775306;2024-07-24;1;
710111;107248;419;BG 1053 - TC;2024-07-26 07:45:00;ED MAXXMOTION;27.90;5,967.80;994.63;00397217;0;0;                  ;SR;BULEVAR;ED MAXXMOTION;213.900;5,967.80;0.00;0.00;994.63;RSD;8914384142;2024-07-31;YES;NO;117;OMV-RS;;;;D;0.00;No;774521;2024-07-26;1;
710111;107248;419;BG 1053 - TC;2024-07-30 07:40:00;ED MAXXMOTION;36.41;7,678.90;1,279.82;00399217;0;0;                  ;SR;BULEVAR;ED MAXXMOTION;210.901;7,678.90;0.00;0.00;1,279.82;RSD;8914384142;2024-07-31;YES;NO;117;OMV-RS;;;;D;0.00;No;774021;2024-07-30;1;
710111;107248;419;BG 1053 - TC;2024-08-01 16:46:00;ED MAXXMOTION;37.07;7,818.10;1,303.02;00400528;0;0;                  ;SR;BULEVAR;ED MAXXMOTION;210.901;7,818.10;0.00;0.00;1,303.02;RSD;8914386442;2024-08-15;YES;NO;117;OMV-RS;;;;D;0.00;No;764657;2024-08-01;1;
710111;107248;419;BG 1053 - TC;2024-08-05 18:12:00;ED MAXXMOTION;32.22;6,763.00;1,127.17;00402704;0;0;                  ;SR;BULEVAR;ED MAXXMOTION;209.901;6,763.00;0.00;0.00;1,127.17;RSD;8914386442;2024-08-15;YES;NO;117;OMV-RS;;;;D;0.00;No;781311;2024-08-05;1;
710111;107248;419;BG 1053 - TC;2024-08-08 17:16:00;ED MAXXMOTION;31.97;6,710.50;1,118.42;00404185;0;0;                  ;SR;BULEVAR;ED MAXXMOTION;209.900;6,710.50;0.00;0.00;1,118.42;RSD;8914386442;2024-08-15;YES;NO;117;OMV-RS;;;;D;0.00;No;771634;2024-08-08;1;
710111;107248;419;BG 1053 - TC;2024-08-13 17:17:00;ED MAXXMOTION;33.85;7,003.60;1,167.27;00012634;0;0;                  ;SR;BULEVAR;ED MAXXMOTION;206.901;7,003.60;0.00;0.00;1,167.27;RSD;8914386442;2024-08-15;YES;NO;117;OMV-RS;;;;D;0.00;No;771758;2024-08-13;1;
710111;107248;419;BG 1053 - TC;2024-08-16 08:20:00;ED MAXXMOTION;35.09;7,260.10;1,210.02;00507779;0;0;                  ;SR;ADA CIGANLIJA;ED MAXXMOTION;206.899;7,260.10;0.00;0.00;1,210.02;RSD;;;NO;NO;217;OMV-RS;;;;D;0.00;No;782026;2024-08-16;1;
710111;107248;419;BG 1053 - TC;2024-08-20 16:55:00;ED MAXXMOTION;32.75;6,776.00;1,129.33;00410753;0;0;                  ;SR;BULEVAR;ED MAXXMOTION;206.901;6,776.00;0.00;0.00;1,129.33;RSD;;;NO;NO;117;OMV-RS;;;;D;0.00;No;765512;2024-08-20;1;
710111;107248;419;BG 1053 - TC;2024-08-23 08:09:00;ED MAXXMOTION;34.47;7,131.80;1,188.63;00412127;0;0;                  ;SR;BULEVAR;ED MAXXMOTION;206.899;7,131.80;0.00;0.00;1,188.63;RSD;;;NO;NO;117;OMV-RS;;;;D;0.00;No;780905;2024-08-23;1;
710111;107248;21;BG 1008 - VA;2024-08-14 11:49:00;ED MAXXMOTION;48.35;10,003.60;1,667.27;00506602;0;0;                  ;SR;ADA CIGANLIJA;ED MAXXMOTION;206.900;10,003.60;0.00;0.00;1,667.27;RSD;8914386442;2024-08-15;YES;NO;217;OMV-RS;;;;D;0.00;No;714936;2024-08-14;1;
710111;107248;112;BG 593 - SZ;2024-07-05 14:14:00;OMV EVRO DIZEL;48.78;9,487.71;1,581.28;00084675;280700;280700;                  ;SR;CACAK;OMV EVRO DIZEL;194.500;9,487.71;0.00;0.00;1,581.28;RSD;8914381536;2024-07-15;YES;NO;217;OMV-RS;;;;D;10,000.00;Yes;741447;2024-07-05;1;
710111;107248;112;BG 593 - SZ;2024-07-12 17:20:00;OMV EVRO DIZEL;40.85;7,965.75;1,327.62;00422754;281345;281345;                  ;SR;OBILAZNICA 1;OMV EVRO DIZEL;195.000;7,965.75;0.00;0.00;1,327.62;RSD;8914381536;2024-07-15;YES;NO;217;OMV-RS;;;;D;8,496.80;Yes;772043;2024-07-12;1;
710111;107248;112;BG 593 - SZ;2024-07-26 15:18:00;OMV EVRO DIZEL;44.54;8,328.98;1,388.16;00208567;282142;282142;                  ;SR;CACAK;OMV EVRO DIZEL;187.000;8,328.98;0.00;0.00;1,388.16;RSD;8914384142;2024-07-31;YES;NO;217;OMV-RS;;;;D;8,997.10;Yes;751835;2024-07-26;1;
710111;107248;211;BG 2634 - LZ;2024-07-04 07:30:00;OMV EVRO DIZEL;41.48;8,067.86;1,344.64;00286540;136168;136168;                  ;SR;NIS;OMV EVRO DIZEL;194.500;8,067.86;0.00;0.00;1,344.64;RSD;8914381536;2024-07-15;YES;NO;217;OMV-RS;;;;D;8,503.40;Yes;773027;2024-07-04;1;
710111;107248;211;BG 2634 - LZ;2024-07-10 08:59:00;OMV EVRO DIZEL;45.79;8,929.05;1,488.17;00138509;237012;237012;                  ;SR;LESKOVAC;OMV EVRO DIZEL;195.000;8,929.05;0.00;0.00;1,488.17;RSD;8914381536;2024-07-15;YES;NO;117;OMV-RS;;;;D;9,524.30;Yes;785948;2024-07-10;1;
710111;107248;211;BG 2634 - LZ;2024-07-16 09:08:00;OMV EVRO DIZEL;43.99;8,490.07;1,415.01;00139506;237830;237830;                  ;SR;LESKOVAC;OMV EVRO DIZEL;193.000;8,490.07;0.00;0.00;1,415.01;RSD;8914384142;2024-07-31;YES;NO;117;OMV-RS;;;;D;9,149.90;Yes;790844;2024-07-16;1;
710111;107248;211;BG 2634 - LZ;2024-08-05 10:45:00;OMV EVRO DIZEL;48.61;9,090.07;1,515.01;00143197;238662;238662;                  ;SR;LESKOVAC;OMV EVRO DIZEL;187.000;9,090.07;0.00;0.00;1,515.01;RSD;8914386442;2024-08-15;YES;NO;117;OMV-RS;;;;D;9,770.60;Yes;704607;2024-08-05;1;
710111;107248;211;BG 2634 - LZ;2024-08-12 08:58:00;OMV EVRO DIZEL;42.78;7,871.52;1,311.92;00144625;239536;239536;                  ;SR;LESKOVAC;OMV EVRO DIZEL;184.000;7,957.08;0.00;0.00;1,311.92;RSD;8914386442;2024-08-15;YES;NO;117;OMV-RS;;;;D;8,470.40;Yes;785825;2024-08-12;1;
710111;107248;211;BG 2634 - LZ;2024-08-16 14:20:00;OMV EVRO DIZEL;44.95;8,270.80;1,378.47;00145525;240367;240367;                  ;SR;LESKOVAC;OMV EVRO DIZEL;184.000;8,270.80;0.00;0.00;1,378.47;RSD;;;NO;NO;117;OMV-RS;;;;D;8,900.10;Yes;742105;2024-08-16;1;
710111;107248;211;BG 2634 - LZ;2024-08-26 09:05:00;OMV EVRO DIZEL;47.95;8,678.95;1,446.49;00147305;241295;241295;                  ;SR;LESKOVAC;OMV EVRO DIZEL;181.000;8,678.95;0.00;0.00;1,446.49;RSD;;;NO;NO;117;OMV-RS;;;;D;9,350.30;Yes;790551;2024-08-26;1;
710111;107248;260;BG 2018 - RP;2024-08-18 07:38:00;OMV EVRO DIZEL;39.06;7,187.04;1,197.84;00145835;146469;146469;                  ;SR;LESKOVAC;OMV EVRO DIZEL;184.000;7,187.04;0.00;0.00;1,197.84;RSD;;;NO;NO;117;OMV-RS;;;;D;7,733.90;Yes;773827;2024-08-18;1;
710111;107248;260;BG 2018 - RP;2024-07-08 20:24:00;OMV EVRO DIZEL;39.13;7,728.18;1,288.03;00264181;143119;143119;                  ;SR;LESKOVAC;OMV EVRO DIZEL;197.500;7,728.18;0.00;0.00;1,288.03;RSD;8914381536;2024-07-15;YES;NO;117;OMV-RS;;;;D;8,139.00;Yes;702452;2024-07-08;1;
710111;107248;260;BG 2018 - RP;2024-07-20 08:34:00;OMV EVRO DIZEL;36.89;7,009.10;1,168.18;00140318;142916;142916;                  ;SR;LESKOVAC;OMV EVRO DIZEL;190.000;7,009.10;0.00;0.00;1,168.18;RSD;8914384142;2024-07-31;YES;NO;117;OMV-RS;;;;D;7,562.50;Yes;783505;2024-07-20;1;
710111;107248;260;BG 2018 - RP;2024-07-26 15:14:00;OMV EVRO DIZEL;40.79;7,627.73;1,271.29;00270892;144801;144801;                  ;SR;LESKOVAC;OMV EVRO DIZEL;187.000;7,627.73;0.00;0.00;1,271.29;RSD;8914384142;2024-07-31;YES;NO;117;OMV-RS;;;;D;8,239.60;Yes;751417;2024-07-26;1;
710111;107248;260;BG 2018 - RP;2024-08-07 06:51:00;OMV EVRO DIZEL;40.54;7,580.98;1,263.50;00275083;145679;145679;                  ;SR;LESKOVAC;OMV EVRO DIZEL;187.000;7,580.98;0.00;0.00;1,263.50;RSD;8914386442;2024-08-15;YES;NO;117;OMV-RS;;;;D;8,148.50;Yes;765154;2024-08-07;1;
710111;107248;260;BG 2018 - RP;2024-08-24 13:34:00;OMV EVRO DIZEL;39.17;7,089.77;1,181.63;00147050;147291;147291;                  ;SR;LESKOVAC;OMV EVRO DIZEL;181.000;7,089.77;0.00;0.00;1,181.63;RSD;;;NO;NO;117;OMV-RS;;;;D;7,638.20;Yes;733503;2024-08-24;1;
710111;107248;260;BG 2018 - RP;2024-09-02 09:06:00;OMV EVRO DIZEL;39.53;7,668.80;;00284447;148167;148167;;SR;Leskovac;OMV EVRO DIZEL;194.000;7,668.80;;;;RSD;;;NO;;0;OMV-RS;;;;D;0.00;;790700;2024-09-02;0;
710111;107248;336;BG 2305 - UK;2024-07-05 06:46:00;OMV EVRO DIZEL;33.15;6,447.68;1,074.61;00437249;0;0;                  ;SR;JURIJA GAGARINA;OMV EVRO DIZEL;194.500;6,447.68;0.00;0.00;1,074.61;RSD;8914381536;2024-07-15;YES;NO;217;OMV-RS;;;;D;6,795.80;Yes;764638;2024-07-05;1;
710111;107248;336;BG 2305 - UK;2024-07-22 08:35:00;OMV EVRO DIZEL;34.08;6,475.20;1,079.20;00448142;0;0;                  ;SR;JURIJA GAGARINA;OMV EVRO DIZEL;190.000;6,475.20;0.00;0.00;1,079.20;RSD;8914384142;2024-07-31;YES;NO;217;OMV-RS;;;;D;6,986.40;Yes;783517;2024-07-22;1;
710111;107248;336;BG 2305 - UK;2024-07-23 15:33:00;OMV EVRO DIZEL;32.43;6,161.70;1,026.95;00251384;0;0;                  ;SR;DOLJEVAC;OMV EVRO DIZEL;190.000;6,161.70;0.00;0.00;1,026.95;RSD;8914384142;2024-07-31;YES;NO;217;OMV-RS;;;;D;6,648.20;Yes;753401;2024-07-23;1;
710111;107248;336;BG 2305 - UK;2024-08-15 08:43:00;OMV EVRO DIZEL;28.55;5,253.20;875.53;00025691;0;0;                  ;SR;KRNJACA;OMV EVRO DIZEL;184.000;5,253.20;0.00;0.00;875.53;RSD;8914386442;2024-08-15;YES;NO;217;OMV-RS;;;;D;5,652.90;Yes;784319;2024-08-15;1;
710111;107248;336;BG 2305 - UK;2024-08-22 14:58:00;OMV EVRO DIZEL;27.28;5,019.52;836.59;00003009;0;0;                  ;SR;DOBANOVCI-SURCIN;OMV EVRO DIZEL;184.000;5,019.52;0.00;0.00;836.59;RSD;;;NO;NO;217;OMV-RS;;;;D;5,401.40;Yes;745821;2024-08-22;1;
710111;107248;336;BG 2305 - UK;2024-08-29 06:48:00;OMV EVRO DIZEL;34.45;6,235.45;1,039.24;00471883;0;0;                  ;SR;JURIJA GAGARINA;OMV EVRO DIZEL;181.000;6,235.45;0.00;0.00;1,039.24;RSD;;;NO;NO;217;OMV-RS;;;;D;6,717.80;Yes;764831;2024-08-29;1;
710111;107248;88;BG 943 - TU;2024-08-09 16:51:00;ED MAXXMOTION;42.18;8,727.00;1,454.50;00333868;0;0;                  ;SR;PANCEVO 1;ED MAXXMOTION;206.899;8,727.00;0.00;0.00;1,454.50;RSD;8914386442;2024-08-15;YES;NO;117;OMV-RS;;;;D;0.00;No;765208;2024-08-09;1;
710111;107248;88;BG 943 - TU;2024-07-17 06:15:00;ED MAXXMOTION;49.74;10,788.60;1,798.10;00321545;0;0;                  ;SR;PANCEVO 1;ED MAXXMOTION;216.900;10,788.60;0.00;0.00;1,798.10;RSD;8914384142;2024-07-31;YES;NO;117;OMV-RS;;;;D;0.00;No;761519;2024-07-17;1;
710111;107248;88;BG 943 - TU;2024-08-22 06:19:00;ED MAXXMOTION;52.55;10,872.60;1,812.10;00339963;0;0;                  ;SR;PANCEVO 1;ED MAXXMOTION;206.900;10,872.60;0.00;0.00;1,812.10;RSD;;;NO;NO;117;OMV-RS;;;;D;0.00;No;762001;2024-08-22;1;
710111;107248;534;BG 1201 IA;2024-07-19 07:41:00;OMV EVRO DIZEL;28.03;5,381.76;896.96;00386897;170608;170608;                  ;SR;VRANJE;OMV EVRO DIZEL;192.000;5,381.76;0.00;0.00;896.96;RSD;8914384142;2024-07-31;YES;NO;117;OMV-RS;;;;D;5,830.20;Yes;774130;2024-07-19;1;
710111;107248;534;BG 1201 IA;2024-07-04 07:33:00;OMV EVRO DIZEL;36.50;7,099.25;1,183.21;00378431;169691;169691;                  ;SR;VRANJE;OMV EVRO DIZEL;194.500;7,099.25;0.00;0.00;1,183.21;RSD;8914381536;2024-07-15;YES;NO;117;OMV-RS;;;;D;7,482.50;Yes;773340;2024-07-04;1;
710111;107248;534;BG 1201 IA;2024-07-12 06:23:00;OMV EVRO DIZEL;30.24;5,896.80;982.80;00382831;170096;170096;                  ;SR;VRANJE;OMV EVRO DIZEL;195.000;5,896.80;0.00;0.00;982.80;RSD;8914381536;2024-07-15;YES;NO;117;OMV-RS;;;;D;6,289.90;Yes;762358;2024-07-12;1;
710111;107248;534;BG 1201 IA;2024-07-29 07:34:00;OMV EVRO DIZEL;34.19;6,393.53;1,065.59;00393084;171200;171200;                  ;SR;VRANJE;OMV EVRO DIZEL;187.000;6,393.53;0.00;0.00;1,065.59;RSD;8914384142;2024-07-31;YES;NO;117;OMV-RS;;;;D;6,906.40;Yes;773447;2024-07-29;1;
710111;107248;534;BG 1201 IA;2024-08-05 07:23:00;OMV EVRO DIZEL;32.61;6,098.07;1,016.34;00397409;171161;171161;                  ;SR;VRANJE;OMV EVRO DIZEL;187.000;6,098.07;0.00;0.00;1,016.34;RSD;8914386442;2024-08-15;YES;NO;117;OMV-RS;;;;D;6,554.60;Yes;772339;2024-08-05;1;
710111;107248;534;BG 1201 IA;2024-08-09 14:40:00;OMV EVRO DIZEL;21.26;3,954.36;659.06;00400118;172245;172245;                  ;SR;VRANJE;OMV EVRO DIZEL;186.000;3,954.36;0.00;0.00;659.06;RSD;8914386442;2024-08-15;YES;NO;117;OMV-RS;;;;D;4,273.30;Yes;744041;2024-08-09;1;
710111;107248;534;BG 1201 IA;2024-08-15 07:41:00;OMV EVRO DIZEL;36.74;6,760.16;1,126.69;00403639;172870;172870;                  ;SR;VRANJE;OMV EVRO DIZEL;184.000;6,760.16;0.00;0.00;1,126.69;RSD;8914386442;2024-08-15;YES;NO;117;OMV-RS;;;;D;7,274.50;Yes;774114;2024-08-15;1;
710111;107248;534;BG 1201 IA;2024-08-21 07:38:00;OMV EVRO DIZEL;32.83;6,040.72;1,006.79;00407175;173436;173436;                  ;SR;VRANJE;OMV EVRO DIZEL;184.000;6,040.72;0.00;0.00;1,006.79;RSD;;;NO;NO;117;OMV-RS;;;;D;6,500.30;Yes;773836;2024-08-21;1;
710111;107248;344;BG 2305 - UL;2024-07-03 08:46:00;ED MAXXMOTION;40.21;8,600.90;1,433.48;00411261;122730;122730;                  ;SR;CELIJE;ED MAXXMOTION;213.900;8,600.90;0.00;0.00;1,433.48;RSD;8914381536;2024-07-15;YES;NO;117;OMV-RS;;;;D;0.00;No;784634;2024-07-03;1;
710111;107248;344;BG 2305 - UL;2024-07-05 07:51:00;ED MAXXMOTION;21.05;4,502.60;750.43;00412269;123113;123113;                  ;SR;CELIJE;ED MAXXMOTION;213.900;4,502.60;0.00;0.00;750.43;RSD;8914381536;2024-07-15;YES;NO;117;OMV-RS;;;;D;0.00;No;775122;2024-07-05;1;
710111;107248;344;BG 2305 - UL;2024-07-10 08:16:00;AdBlue Kanister;1.00;999.00;166.50;00415120;123765;123765;                  ;SR;CELIJE;AdBlue Kanister;999.000;999.00;0.00;0.00;166.50;RSD;8914381536;2024-07-15;YES;NO;117;OMV-RS;;;;D;0.00;No;781704;2024-07-10;1;
710111;107248;344;BG 2305 - UL;2024-07-10 08:16:00;ED MAXXMOTION;38.87;8,430.90;1,405.15;00415120;123765;123765;                  ;SR;CELIJE;ED MAXXMOTION;216.900;8,430.90;0.00;0.00;1,405.15;RSD;8914381536;2024-07-15;YES;NO;117;OMV-RS;;;;D;0.00;No;781704;2024-07-10;1;
710111;107248;344;BG 2305 - UL;2024-07-12 14:23:00;ED MAXXMOTION;31.53;6,838.90;1,139.82;00416425;124239;124239;                  ;SR;CELIJE;ED MAXXMOTION;216.901;6,838.90;0.00;0.00;1,139.82;RSD;8914381536;2024-07-15;YES;NO;117;OMV-RS;;;;D;0.00;No;742337;2024-07-12;1;
710111;107248;344;BG 2305 - UL;2024-07-17 08:10:00;ED MAXXMOTION;41.62;9,027.40;1,504.57;00419287;124860;124860;                  ;SR;CELIJE;ED MAXXMOTION;216.901;9,027.40;0.00;0.00;1,504.57;RSD;8914384142;2024-07-31;YES;NO;117;OMV-RS;;;;D;0.00;No;781056;2024-07-17;1;
710111;107248;344;BG 2305 - UL;2024-07-22 07:37:00;AdBlue Kanister;1.00;999.00;166.50;00422409;125440;125440;                  ;SR;CELIJE;AdBlue Kanister;999.000;999.00;0.00;0.00;166.50;RSD;8914384142;2024-07-31;YES;NO;117;OMV-RS;;;;D;0.00;No;773801;2024-07-22;1;
710111;107248;344;BG 2305 - UL;2024-07-22 07:37:00;ED MAXXMOTION;41.63;8,904.70;1,484.12;00422409;125440;125440;                  ;SR;CELIJE;ED MAXXMOTION;213.901;8,904.70;0.00;0.00;1,484.12;RSD;8914384142;2024-07-31;YES;NO;117;OMV-RS;;;;D;0.00;No;773801;2024-07-22;1;
710111;107248;344;BG 2305 - UL;2024-07-25 08:14:00;ED MAXXMOTION;35.06;7,499.30;1,249.88;00423974;126098;126098;                  ;SR;CELIJE;ED MAXXMOTION;213.899;7,499.30;0.00;0.00;1,249.88;RSD;8914384142;2024-07-31;YES;NO;117;OMV-RS;;;;D;0.00;No;781422;2024-07-25;1;
710111;107248;344;BG 2305 - UL;2024-07-30 08:22:00;ED MAXXMOTION;38.79;8,180.80;1,363.47;00426900;126770;126770;                  ;SR;CELIJE;ED MAXXMOTION;210.900;8,180.80;0.00;0.00;1,363.47;RSD;8914384142;2024-07-31;YES;NO;117;OMV-RS;;;;D;0.00;No;782242;2024-07-30;1;
710111;107248;344;BG 2305 - UL;2024-08-02 08:11:00;ED MAXXMOTION;36.98;7,799.10;1,299.85;00428698;127438;127438;                  ;SR;CELIJE;ED MAXXMOTION;210.900;7,799.10;0.00;0.00;1,299.85;RSD;8914386442;2024-08-15;YES;NO;117;OMV-RS;;;;D;0.00;No;781209;2024-08-02;1;
710111;107248;344;BG 2305 - UL;2024-08-08 13:30:00;ED MAXXMOTION;37.08;7,783.10;1,297.18;00432017;128034;128034;                  ;SR;CELIJE;ED MAXXMOTION;209.900;7,783.10;0.00;0.00;1,297.18;RSD;8914386442;2024-08-15;YES;NO;117;OMV-RS;;;;D;0.00;No;733114;2024-08-08;1;
710111;107248;344;BG 2305 - UL;2024-08-26 08:21:00;AdBlue Kanister;1.00;999.00;166.50;00166197;128715;128715;                  ;SR;CELIJE;AdBlue Kanister;999.000;999.00;0.00;0.00;166.50;RSD;;;NO;NO;117;OMV-RS;;;;D;0.00;No;782138;2024-08-26;1;
710111;107248;344;BG 2305 - UL;2024-08-26 08:21:00;ED MAXXMOTION;38.75;7,901.10;1,316.85;00166197;128715;128715;                  ;SR;CELIJE;ED MAXXMOTION;203.899;7,901.10;0.00;0.00;1,316.85;RSD;;;NO;NO;117;OMV-RS;;;;D;0.00;No;782138;2024-08-26;1;
710111;107248;344;BG 2305 - UL;2024-08-29 14:54:00;ED MAXXMOTION;35.40;7,218.10;1,203.02;00443019;129330;129330;                  ;SR;CELIJE;ED MAXXMOTION;203.901;7,218.10;0.00;0.00;1,203.02;RSD;;;NO;NO;117;OMV-RS;;;;D;0.00;No;745450;2024-08-29;1;
710111;107248;435;BG 1549 - XG;2024-08-23 09:19:00;OMV EVRO DIZEL;40.43;7,398.69;1,233.11;00518359;0;0;                  ;SR;LAPOVO JUG;OMV EVRO DIZEL;183.000;7,398.69;0.00;0.00;1,233.11;RSD;;;NO;NO;217;OMV-RS;;;;D;8,005.10;Yes;791931;2024-08-23;1;
710111;107248;435;BG 1549 - XG;2024-07-02 08:02:00;OMV EVRO DIZEL;28.85;5,611.33;935.22;00286886;0;0;                  ;SR;ADA CIGANLIJA;OMV EVRO DIZEL;194.500;5,611.33;0.00;0.00;935.22;RSD;8914381536;2024-07-15;YES;NO;217;OMV-RS;;;;D;5,914.30;Yes;780226;2024-07-02;1;
710111;107248;435;BG 1549 - XG;2024-07-09 07:44:00;OMV EVRO DIZEL;40.63;7,922.85;1,320.47;00428345;0;0;                  ;SR;BUBANJ POTOK;OMV EVRO DIZEL;195.000;7,922.85;0.00;0.00;1,320.47;RSD;8914381536;2024-07-15;YES;NO;217;OMV-RS;;;;D;8,451.00;Yes;774446;2024-07-09;1;
710111;107248;435;BG 1549 - XG;2024-07-10 08:23:00;OMV EVRO DIZEL;18.04;3,517.80;586.30;00197409;0;0;                  ;SR;RUMA;OMV EVRO DIZEL;195.000;3,517.80;0.00;0.00;586.30;RSD;8914381536;2024-07-15;YES;NO;217;OMV-RS;;;;D;3,752.30;Yes;782342;2024-07-10;1;
710111;107248;435;BG 1549 - XG;2024-07-16 06:51:00;OMV EVRO DIZEL;31.27;6,035.11;1,005.85;00392160;0;0;                  ;SR;RUMA;OMV EVRO DIZEL;193.000;6,035.11;0.00;0.00;1,005.85;RSD;8914384142;2024-07-31;YES;NO;217;OMV-RS;;;;D;6,504.20;Yes;765120;2024-07-16;1;
710111;107248;435;BG 1549 - XG;2024-07-18 12:31:00;ED MAXXMOTION;8.58;1,861.00;310.17;00256198;0;0;                  ;SR;BATAJNICA;ED MAXXMOTION;216.900;1,861.00;0.00;0.00;310.17;RSD;8914384142;2024-07-31;YES;NO;217;OMV-RS;;;;D;0.00;No;723153;2024-07-18;1;
710111;107248;435;BG 1549 - XG;2024-07-23 15:43:00;OMV EVRO DIZEL;33.59;6,382.10;1,063.68;00066268;0;0;                  ;SR;BUBANJ POTOK;OMV EVRO DIZEL;190.000;6,382.10;0.00;0.00;1,063.68;RSD;8914384142;2024-07-31;YES;NO;217;OMV-RS;;;;D;6,886.00;Yes;754331;2024-07-23;1;
710111;107248;435;BG 1549 - XG;2024-07-25 15:46:00;OMV EVRO DIZEL;20.62;3,917.80;652.97;00174302;0;0;                  ;SR;BUBANJ POTOK;OMV EVRO DIZEL;190.000;3,917.80;0.00;0.00;652.97;RSD;8914384142;2024-07-31;YES;NO;217;OMV-RS;;;;D;4,227.10;Yes;754659;2024-07-25;1;
710111;107248;435;BG 1549 - XG;2024-07-26 10:40:00;OMV EVRO DIZEL;22.48;4,271.20;711.87;00245655;0;0;                  ;SR;ZAJECAR;OMV EVRO DIZEL;190.000;4,271.20;0.00;0.00;711.87;RSD;8914384142;2024-07-31;YES;NO;117;OMV-RS;;;;D;4,608.40;Yes;704045;2024-07-26;1;
710111;107248;435;BG 1549 - XG;2024-07-31 10:46:00;OMV EVRO DIZEL;30.46;5,726.48;954.41;00190557;0;0;                  ;SR;BESKA 1;OMV EVRO DIZEL;188.000;5,726.48;0.00;0.00;954.41;RSD;8914384142;2024-07-31;YES;NO;217;OMV-RS;;;;D;6,152.90;Yes;704642;2024-07-31;1;
710111;107248;435;BG 1549 - XG;2024-08-16 07:54:00;OMV EVRO DIZEL;27.41;5,043.44;840.57;00304813;0;0;                  ;SR;ADA CIGANLIJA;OMV EVRO DIZEL;184.000;5,043.44;0.00;0.00;840.57;RSD;;;NO;NO;217;OMV-RS;;;;D;5,427.20;Yes;775433;2024-08-16;1;
710111;107248;435;BG 1549 - XG;2024-08-21 10:20:00;OMV EVRO DIZEL;29.50;5,428.00;904.67;00532721;0;0;                  ;SR;BESKA 1;OMV EVRO DIZEL;184.000;5,428.00;0.00;0.00;904.67;RSD;;;NO;NO;217;OMV-RS;;;;D;5,841.00;Yes;702053;2024-08-21;1;
710111;107248;435;BG 1549 - XG;2024-08-28 11:25:00;OMV EVRO DIZEL;26.35;4,769.35;794.89;00198905;0;0;                  ;SR;BESKA 1;OMV EVRO DIZEL;181.000;4,769.35;0.00;0.00;794.89;RSD;;;NO;NO;217;OMV-RS;;;;D;5,138.30;Yes;712606;2024-08-28;1;
710111;107248;443;BG 2018 - RO;2024-08-22 12:37:00;OMV EVRO DIZEL;47.26;8,695.84;1,449.31;00458755;115058;115058;                  ;SR;CACAK 2;OMV EVRO DIZEL;184.000;8,695.84;0.00;0.00;1,449.31;RSD;;;NO;NO;117;OMV-RS;;;;D;9,357.50;Yes;723802;2024-08-22;1;
710111;107248;443;BG 2018 - RO;2024-08-27 12:58:00;AdBlue;10.82;749.61;124.93;00090492;115754;115754;                  ;SR;CACAK;AdBlue;69.280;749.61;0.00;0.00;124.93;RSD;;;NO;NO;217;OMV-RS;;;;D;1,190.20;Yes;725841;2024-08-27;1;
710111;107248;443;BG 2018 - RO;2024-09-02 14:25:00;OMV EVRO DIZEL;51.01;9,895.90;;00312146;116098;116098;;SR;Beograd;OMV EVRO DIZEL;194.000;9,895.90;;;;RSD;;;NO;;0;OMV-RS;;;;D;0.00;;742552;2024-09-02;0;
710111;107248;443;BG 2018 - RO;2024-07-08 19:26:00;OMV EVRO DIZEL;49.42;9,760.45;1,626.74;00432573;111718;111718;                  ;SR;CACAK 2;OMV EVRO DIZEL;197.500;9,760.45;0.00;0.00;1,626.74;RSD;8914381536;2024-07-15;YES;NO;117;OMV-RS;;;;D;10,279.40;Yes;792633;2024-07-08;1;
710111;107248;443;BG 2018 - RO;2024-07-21 21:07:00;OMV EVRO DIZEL;49.42;9,389.80;1,564.97;00447901;112524;112524;                  ;SR;JURIJA GAGARINA;OMV EVRO DIZEL;190.000;9,389.80;0.00;0.00;1,564.97;RSD;8914384142;2024-07-31;YES;NO;217;OMV-RS;;;;D;10,131.10;Yes;710800;2024-07-21;1;
710111;107248;443;BG 2018 - RO;2024-07-31 12:14:00;OMV EVRO DIZEL;46.06;8,659.28;1,443.21;00446014;113397;113397;                  ;SR;CACAK 2;OMV EVRO DIZEL;188.000;8,659.28;0.00;0.00;1,443.21;RSD;8914384142;2024-07-31;YES;NO;117;OMV-RS;;;;D;9,304.10;Yes;721438;2024-07-31;1;
710111;107248;443;BG 2018 - RO;2024-08-12 07:15:00;OMV EVRO DIZEL;47.17;8,679.28;1,446.55;00136787;114183;114183;                  ;SR;BORSKA;OMV EVRO DIZEL;184.000;8,773.62;0.00;0.00;1,446.55;RSD;8914386442;2024-08-15;YES;NO;217;OMV-RS;;;;D;9,339.70;Yes;771607;2024-08-12;1;
710111;107248;13;BG 1547 - DX;2024-07-08 11:07:00;ED MAXXMOTION;23.10;5,010.40;835.07;00288900;319750;319750;                  ;SR;ADA CIGANLIJA;ED MAXXMOTION;216.900;5,010.40;0.00;0.00;835.07;RSD;8914381536;2024-07-15;YES;NO;217;OMV-RS;;;;D;0.00;No;710757;2024-07-08;1;
710111;107248;13;BG 1547 - DX;2024-07-11 16:19:00;ED MAXXMOTION;46.45;10,075.00;1,679.17;00486453;320115;320115;                  ;SR;ADA CIGANLIJA;ED MAXXMOTION;216.900;10,075.00;0.00;0.00;1,679.17;RSD;8914381536;2024-07-15;YES;NO;217;OMV-RS;;;;D;0.00;No;761936;2024-07-11;1;
710111;107248;13;BG 1547 - DX;2024-07-19 16:28:00;ED MAXXMOTION;23.38;5,000.00;833.33;00491622;320700;320700;                  ;SR;ADA CIGANLIJA;ED MAXXMOTION;213.858;5,000.00;0.00;0.00;833.33;RSD;8914384142;2024-07-31;YES;NO;217;OMV-RS;;;;D;0.00;No;762841;2024-07-19;1;
710111;107248;13;BG 1547 - DX;2024-07-25 06:43:00;ED MAXXMOTION;51.56;11,028.70;1,838.12;00296026;321050;321050;                  ;SR;ADA CIGANLIJA;ED MAXXMOTION;213.900;11,028.70;0.00;0.00;1,838.12;RSD;8914384142;2024-07-31;YES;NO;217;OMV-RS;;;;D;0.00;No;764341;2024-07-25;1;
710111;107248;13;BG 1547 - DX;2024-08-02 16:30:00;ED MAXXMOTION;47.55;9,980.70;1,663.45;00499830;321730;321730;                  ;SR;ADA CIGANLIJA;ED MAXXMOTION;209.899;9,980.70;0.00;0.00;1,663.45;RSD;8914386442;2024-08-15;YES;NO;217;OMV-RS;;;;D;0.00;No;763015;2024-08-02;1;
710111;107248;13;BG 1547 - DX;2024-08-30 16:10:00;ED MAXXMOTION;47.42;9,621.50;1,603.58;00515432;322340;322340;                  ;SR;ADA CIGANLIJA;ED MAXXMOTION;202.900;9,621.50;0.00;0.00;1,603.58;RSD;;;NO;NO;217;OMV-RS;;;;D;0.00;No;761017;2024-08-30;1;
710111;107248;70;BG 935 - TR;2024-07-25 17:50:00;OMV EVRO DIZEL;41.95;7,970.50;1,328.42;00399473;160737;160737;                  ;SR;LAPOVO SEVER;OMV EVRO DIZEL;190.000;7,970.50;0.00;0.00;1,328.42;RSD;8914384142;2024-07-31;YES;NO;217;OMV-RS;;;;D;8,599.80;Yes;775936;2024-07-25;1;
710111;107248;70;BG 935 - TR;2024-08-05 09:17:00;OMV EVRO DIZEL;40.04;7,487.48;1,247.91;00329855;162200;162200;                  ;SR;VRBAS;OMV EVRO DIZEL;187.000;7,487.48;0.00;0.00;1,247.91;RSD;8914386442;2024-08-15;YES;NO;117;OMV-RS;;;;D;8,048.00;Yes;791713;2024-08-05;1;
710111;107248;70;BG 935 - TR;2024-07-15 18:22:00;ED MAXXMOTION;39.01;9,007.40;1,501.23;00503390;159538;159538;                  ;SR;BESKA 1;ED MAXXMOTION;230.900;9,007.40;0.00;0.00;1,501.23;RSD;8914381536;2024-07-15;YES;NO;217;OMV-RS;;;;D;0.00;No;782226;2024-07-15;1;
710111;107248;70;BG 935 - TR;2024-07-18 16:01:00;ED MAXXMOTION;45.23;9,810.40;1,635.07;00454474;160110;160110;                  ;SR;KRUSEVAC;ED MAXXMOTION;216.900;9,810.40;0.00;0.00;1,635.07;RSD;8914384142;2024-07-31;YES;NO;117;OMV-RS;;;;D;0.00;No;760209;2024-07-18;1;
710111;107248;70;BG 935 - TR;2024-08-01 08:34:00;OMV EVRO DIZEL;45.47;8,548.36;1,424.73;00513981;161539;161539;                  ;SR;BESKA 2;OMV EVRO DIZEL;188.000;8,548.36;0.00;0.00;1,424.73;RSD;8914386442;2024-08-15;YES;NO;217;OMV-RS;;;;D;9,184.90;Yes;783441;2024-08-01;1;
710111;107248;70;BG 935 - TR;2024-08-08 06:52:00;ED MAXXMOTION;42.48;8,916.60;1,486.10;00502749;162930;162930;                  ;SR;ADA CIGANLIJA;ED MAXXMOTION;209.901;8,916.60;0.00;0.00;1,486.10;RSD;8914386442;2024-08-15;YES;NO;217;OMV-RS;;;;D;0.00;No;765212;2024-08-08;1;
710111;107248;70;BG 935 - TR;2024-08-12 14:01:00;OMV EVRO DIZEL;44.33;8,156.72;1,359.45;00333221;163649;163649;                  ;SR;VRBAS;OMV EVRO DIZEL;184.000;8,245.38;0.00;0.00;1,359.45;RSD;8914386442;2024-08-15;YES;NO;117;OMV-RS;;;;D;8,777.30;Yes;740135;2024-08-12;1;
710111;107248;70;BG 935 - TR;2024-08-16 08:51:00;OMV EVRO DIZEL;42.93;7,899.12;1,316.52;00412779;164400;164400;                  ;SR;RUMA;OMV EVRO DIZEL;184.000;7,899.12;0.00;0.00;1,316.52;RSD;;;NO;NO;217;OMV-RS;;;;D;8,500.10;Yes;785120;2024-08-16;1;
710111;107248;70;BG 935 - TR;2024-08-23 09:08:00;OMV EVRO DIZEL;37.88;6,932.04;1,155.34;00518348;165065;165065;                  ;SR;LAPOVO JUG;OMV EVRO DIZEL;183.000;6,932.04;0.00;0.00;1,155.34;RSD;;;NO;NO;217;OMV-RS;;;;D;7,500.20;Yes;790909;2024-08-23;1;
710111;107248;450;BG 2186 - IZ;2024-07-04 07:20:00;ED MAXXMOTION;42.16;9,018.00;1,503.00;00384885;0;0;                  ;SR;BULEVAR;ED MAXXMOTION;213.899;9,018.00;0.00;0.00;1,503.00;RSD;8914381536;2024-07-15;YES;NO;117;OMV-RS;;;;D;0.00;No;772049;2024-07-04;1;
710111;107248;450;BG 2186 - IZ;2024-07-23 11:10:00;OMV EVRO DIZEL;28.33;5,382.70;897.12;00094938;0;0;                  ;SR;JURIJA GAGARINA;OMV EVRO DIZEL;190.000;5,382.70;0.00;0.00;897.12;RSD;8914384142;2024-07-31;YES;NO;217;OMV-RS;;;;D;5,807.70;Yes;711102;2024-07-23;1;
710111;107248;450;BG 2186 - IZ;2024-07-24 18:31:00;OMV EVRO DIZEL;30.00;5,700.00;950.00;00207891;0;0;                  ;SR;LAPOVO SEVER;OMV EVRO DIZEL;190.000;5,700.00;0.00;0.00;950.00;RSD;8914384142;2024-07-31;YES;NO;217;OMV-RS;;;;D;6,150.00;Yes;784006;2024-07-24;1;
710111;107248;450;BG 2186 - IZ;2024-07-29 10:26:00;OMV EVRO DIZEL;32.05;5,993.35;998.89;00497152;59277;59277;                  ;SR;ADA CIGANLIJA;OMV EVRO DIZEL;187.000;5,993.35;0.00;0.00;998.89;RSD;8914384142;2024-07-31;YES;NO;217;OMV-RS;;;;D;6,474.10;Yes;702644;2024-07-29;1;
710111;107248;450;BG 2186 - IZ;2024-08-23 09:57:00;OMV EVRO DIZEL;39.51;7,230.33;1,205.05;00511296;0;0;                  ;SR;ADA CIGANLIJA;OMV EVRO DIZEL;183.000;7,230.33;0.00;0.00;1,205.05;RSD;;;NO;NO;217;OMV-RS;;;;D;7,823.00;Yes;795729;2024-08-23;1;
710111;107248;450;BG 2186 - IZ;2024-08-30 13:24:00;OMV EVRO DIZEL;42.36;7,667.16;1,277.86;00515320;0;0;                  ;SR;ADA CIGANLIJA;OMV EVRO DIZEL;181.000;7,667.16;0.00;0.00;1,277.86;RSD;;;NO;NO;217;OMV-RS;;;;D;8,260.20;Yes;732418;2024-08-30;1;
710111;107248;294;BG 2024 - OZ;2024-07-02 10:12:00;OMV EVRO DIZEL;48.30;9,394.35;1,565.72;00365125;81116;81116;                  ;SR;KRAGUJEVAC ARS;OMV EVRO DIZEL;194.500;9,394.35;0.00;0.00;1,565.72;RSD;8914381536;2024-07-15;YES;NO;117;OMV-RS;;;;D;9,901.50;Yes;701230;2024-07-02;1;
710111;107248;294;BG 2024 - OZ;2024-07-10 11:24:00;OMV EVRO DIZEL;37.71;7,353.45;1,225.57;00013146;0;0;                  ;SR;KRALJEVO;OMV EVRO DIZEL;195.000;7,353.45;0.00;0.00;1,225.57;RSD;8914381536;2024-07-15;YES;NO;117;OMV-RS;;;;D;7,655.10;Yes;712446;2024-07-10;1;
710111;107248;294;BG 2024 - OZ;2024-07-19 09:03:00;OMV EVRO DIZEL;43.01;8,257.92;1,376.32;00373052;81783;81783;                  ;SR;KRAGUJEVAC ARS;OMV EVRO DIZEL;192.000;8,257.92;0.00;0.00;1,376.32;RSD;8914384142;2024-07-31;YES;NO;117;OMV-RS;;;;D;8,946.10;Yes;790417;2024-07-19;1;
710111;107248;294;BG 2024 - OZ;2024-08-01 08:44:00;OMV EVRO DIZEL;49.93;9,386.84;1,564.47;00379243;82607;82607;                  ;SR;KRAGUJEVAC ARS;OMV EVRO DIZEL;188.000;9,386.84;0.00;0.00;1,564.47;RSD;8914386442;2024-08-15;YES;NO;117;OMV-RS;;;;D;10,085.90;Yes;784427;2024-08-01;1;
710111;107248;294;BG 2024 - OZ;2024-08-13 10:26:00;OMV EVRO DIZEL;36.00;6,624.00;1,104.00;00385034;83229;83229;                  ;SR;KRAGUJEVAC ARS;OMV EVRO DIZEL;184.000;6,624.00;0.00;0.00;1,104.00;RSD;8914386442;2024-08-15;YES;NO;117;OMV-RS;;;;D;7,128.00;Yes;702705;2024-08-13;1;
710111;107248;54;BG  593 - SV;2024-07-05 17:38:00;OMV EVRO DIZEL;49.74;9,823.65;1,637.27;00482744;251371;251371;                  ;SR;ADA CIGANLIJA;OMV EVRO DIZEL;197.500;9,823.65;0.00;0.00;1,637.27;RSD;8914381536;2024-07-15;YES;NO;217;OMV-RS;;;;D;10,345.90;Yes;773831;2024-07-05;1;
710111;107248;54;BG  593 - SV;2024-07-15 08:30:00;OMV EVRO DIZEL;40.15;7,789.10;1,298.18;00502355;251800;251800;                  ;SR;BESKA 2;OMV EVRO DIZEL;194.000;7,789.10;0.00;0.00;1,298.18;RSD;8914381536;2024-07-15;YES;NO;217;OMV-RS;;;;D;8,351.20;Yes;783053;2024-07-15;1;
710111;107248;54;BG  593 - SV;2024-07-18 08:19:00;OMV EVRO DIZEL;45.49;8,779.57;1,463.26;00064300;252426;252426;                  ;SR;BUBANJ POTOK;OMV EVRO DIZEL;193.000;8,779.57;0.00;0.00;1,463.26;RSD;8914384142;2024-07-31;YES;NO;217;OMV-RS;;;;D;9,461.90;Yes;782008;2024-07-18;1;
710111;107248;54;BG  593 - SV;2024-07-22 18:04:00;OMV EVRO DIZEL;45.42;8,629.80;1,438.30;00457418;253080;253080;                  ;SR;KRUSEVAC;OMV EVRO DIZEL;190.000;8,629.80;0.00;0.00;1,438.30;RSD;8914384142;2024-07-31;YES;NO;117;OMV-RS;;;;D;9,311.10;Yes;780442;2024-07-22;1;
710111;107248;54;BG  593 - SV;2024-07-30 07:53:00;ED MAXXMOTION;29.54;6,230.00;1,038.33;00298261;0;0;                  ;SR;ADA CIGANLIJA;ED MAXXMOTION;210.900;6,230.00;0.00;0.00;1,038.33;RSD;8914384142;2024-07-31;YES;NO;217;OMV-RS;;;;D;0.00;No;775310;2024-07-30;1;
710111;107248;54;BG  593 - SV;2024-08-01 06:34:00;OMV EVRO DIZEL;40.32;7,580.16;1,263.36;00024005;253948;253948;                  ;SR;KRNJACA;OMV EVRO DIZEL;188.000;7,580.16;0.00;0.00;1,263.36;RSD;8914386442;2024-08-15;YES;NO;217;OMV-RS;;;;D;8,144.60;Yes;763513;2024-08-01;1;
710111;107248;54;BG  593 - SV;2024-08-02 16:53:00;ED MAXXMOTION;41.02;9,184.40;1,530.73;00519395;254457;254457;                  ;SR;BESKA 1;ED MAXXMOTION;223.901;9,184.40;0.00;0.00;1,530.73;RSD;8914386442;2024-08-15;YES;NO;217;OMV-RS;;;;D;0.00;No;765400;2024-08-02;1;
710111;107248;54;BG  593 - SV;2024-08-06 17:33:00;ED MAXXMOTION;39.55;8,855.20;1,475.87;00522667;255000;255000;                  ;SR;BESKA 1;ED MAXXMOTION;223.899;8,855.20;0.00;0.00;1,475.87;RSD;8914386442;2024-08-15;YES;NO;217;OMV-RS;;;;D;0.00;No;773406;2024-08-06;1;
710111;107248;54;BG  593 - SV;2024-08-08 15:32:00;OMV EVRO DIZEL;41.30;7,723.10;1,287.18;00331300;255528;255528;                  ;SR;VRBAS;OMV EVRO DIZEL;187.000;7,723.10;0.00;0.00;1,287.18;RSD;8914386442;2024-08-15;YES;NO;117;OMV-RS;;;;D;8,301.30;Yes;753230;2024-08-08;1;
710111;107248;54;BG  593 - SV;2024-08-12 15:57:00;OMV EVRO DIZEL;43.02;7,915.68;1,319.28;00333266;256103;256103;                  ;SR;VRBAS;OMV EVRO DIZEL;184.000;8,001.72;0.00;0.00;1,319.28;RSD;8914386442;2024-08-15;YES;NO;117;OMV-RS;;;;D;8,518.00;Yes;755810;2024-08-12;1;
710111;107248;54;BG  593 - SV;2024-08-15 08:31:00;OMV EVRO DIZEL;41.50;7,636.00;1,272.67;00411799;256600;256600;                  ;SR;RUMA;OMV EVRO DIZEL;184.000;7,636.00;0.00;0.00;1,272.67;RSD;8914386442;2024-08-15;YES;NO;217;OMV-RS;;;;D;8,217.00;Yes;783138;2024-08-15;1;
710111;107248;54;BG  593 - SV;2024-08-20 08:42:00;ED MAXXMOTION;40.75;9,001.70;1,500.28;00416653;257127;257127;                  ;SR;RUMA;ED MAXXMOTION;220.901;9,001.70;0.00;0.00;1,500.28;RSD;;;NO;NO;217;OMV-RS;;;;D;0.00;No;784316;2024-08-20;1;
710111;107248;54;BG  593 - SV;2024-08-23 19:47:00;OMV EVRO DIZEL;45.99;8,324.19;1,387.36;00412494;257777;257777;                  ;SR;BULEVAR;OMV EVRO DIZEL;181.000;8,324.19;0.00;0.00;1,387.36;RSD;;;NO;NO;117;OMV-RS;;;;D;8,968.10;Yes;794748;2024-08-23;1;
710111;107248;583;BG 996 - FI;2024-08-28 00:11:00;OMV EVRO DIZEL;41.03;7,426.43;1,237.74;00304772;0;0;                  ;SR;KNEZEVAC;OMV EVRO DIZEL;181.000;7,426.43;0.00;0.00;1,237.74;RSD;;;NO;NO;217;OMV-RS;;;;D;8,000.90;Yes;701204;2024-08-28;1;
710111;107248;583;BG 996 - FI;2024-08-21 00:13:00;OMV EVRO DIZEL;43.32;7,970.88;1,328.48;00301592;0;0;                  ;SR;KNEZEVAC;OMV EVRO DIZEL;184.000;7,970.88;0.00;0.00;1,328.48;RSD;;;NO;NO;217;OMV-RS;;;;D;8,577.40;Yes;701353;2024-08-21;1;
710111;107248;278;BG 2024 - OU;2024-07-23 08:10:00;OMV EVRO DIZEL;47.78;9,078.20;1,513.03;00244546;120318;120318;                  ;SR;ZAJECAR;OMV EVRO DIZEL;190.000;9,078.20;0.00;0.00;1,513.03;RSD;8914384142;2024-07-31;YES;NO;117;OMV-RS;;;;D;9,794.90;Yes;781052;2024-07-23;1;
710111;107248;278;BG 2024 - OU;2024-07-03 09:47:00;OMV EVRO DIZEL;47.03;9,147.34;1,524.56;00238194;117718;117718;                  ;SR;ZAJECAR;OMV EVRO DIZEL;194.500;9,147.34;0.00;0.00;1,524.56;RSD;8914381536;2024-07-15;YES;NO;117;OMV-RS;;;;D;9,641.20;Yes;794800;2024-07-03;1;
710111;107248;278;BG 2024 - OU;2024-07-09 07:58:00;OMV EVRO DIZEL;45.49;8,870.55;1,478.42;00239897;118587;118587;                  ;SR;ZAJECAR;OMV EVRO DIZEL;195.000;8,870.55;0.00;0.00;1,478.42;RSD;8914381536;2024-07-15;YES;NO;117;OMV-RS;;;;D;9,461.90;Yes;775851;2024-07-09;1;
710111;107248;278;BG 2024 - OU;2024-07-16 16:55:00;OMV EVRO DIZEL;45.26;8,735.18;1,455.86;00113151;119367;119367;                  ;SR;ZAJECAR;OMV EVRO DIZEL;193.000;8,735.18;0.00;0.00;1,455.86;RSD;8914384142;2024-07-31;YES;NO;117;OMV-RS;;;;D;9,414.10;Yes;765538;2024-07-16;1;
710111;107248;278;BG 2024 - OU;2024-07-27 06:15:00;OMV EVRO DIZEL;43.35;8,106.45;1,351.07;00245984;120090;120090;                  ;SR;ZAJECAR;OMV EVRO DIZEL;187.000;8,106.45;0.00;0.00;1,351.07;RSD;8914384142;2024-07-31;YES;NO;117;OMV-RS;;;;D;8,756.70;Yes;761607;2024-07-27;1;
710111;107248;278;BG 2024 - OU;2024-08-03 14:40:00;OMV EVRO DIZEL;46.22;8,643.14;1,440.52;00248629;121866;121866;                  ;SR;ZAJECAR;OMV EVRO DIZEL;187.000;8,643.14;0.00;0.00;1,440.52;RSD;8914386442;2024-08-15;YES;NO;117;OMV-RS;;;;D;9,290.20;Yes;744059;2024-08-03;1;
710111;107248;278;BG 2024 - OU;2024-08-09 08:28:00;OMV EVRO DIZEL;38.40;7,142.40;1,190.40;00250518;122662;122662;                  ;SR;ZAJECAR;OMV EVRO DIZEL;186.000;7,142.40;0.00;0.00;1,190.40;RSD;8914386442;2024-08-15;YES;NO;117;OMV-RS;;;;D;7,718.40;Yes;782853;2024-08-09;1;
710111;107248;278;BG 2024 - OU;2024-08-16 18:46:00;OMV EVRO DIZEL;43.60;8,022.40;1,337.07;00220297;123570;123570;                  ;SR;BOLJEVAC;OMV EVRO DIZEL;184.000;8,022.40;0.00;0.00;1,337.07;RSD;;;NO;NO;117;OMV-RS;;;;D;8,632.80;Yes;784634;2024-08-16;1;
710111;107248;278;BG 2024 - OU;2024-08-27 08:51:00;OMV EVRO DIZEL;32.97;5,967.57;994.59;00118366;124175;124175;                  ;SR;ZAJECAR;OMV EVRO DIZEL;181.000;5,967.57;0.00;0.00;994.59;RSD;;;NO;NO;117;OMV-RS;;;;D;6,429.20;Yes;785148;2024-08-27;1;
710111;107248;351;BG 2348 - TP;2024-07-11 10:12:00;OMV EVRO DIZEL;40.90;7,975.50;1,329.25;00486199;0;0;                  ;SR;ADA CIGANLIJA;OMV EVRO DIZEL;195.000;7,975.50;0.00;0.00;1,329.25;RSD;8914381536;2024-07-15;YES;NO;217;OMV-RS;;;;D;8,507.20;Yes;701231;2024-07-11;1;
710111;107248;351;BG 2348 - TP;2024-07-13 08:30:00;OMV EVRO DIZEL;40.80;7,915.20;1,319.20;00062426;0;0;                  ;SR;BUBANJ POTOK;OMV EVRO DIZEL;194.000;7,915.20;0.00;0.00;1,319.20;RSD;8914381536;2024-07-15;YES;NO;217;OMV-RS;;;;D;8,486.40;Yes;783019;2024-07-13;1;
710111;107248;351;BG 2348 - TP;2024-07-17 08:18:00;OMV EVRO DIZEL;34.79;6,714.47;1,119.08;00433695;75511;75511;                  ;SR;BUBANJ POTOK;OMV EVRO DIZEL;193.000;6,714.47;0.00;0.00;1,119.08;RSD;8914384142;2024-07-31;YES;NO;217;OMV-RS;;;;D;7,236.30;Yes;781910;2024-07-17;1;
710111;107248;351;BG 2348 - TP;2024-08-09 09:09:00;ED MAXXMOTION;42.88;9,000.50;1,500.08;00421963;72103;72103;                  ;SR;BORSKA;ED MAXXMOTION;209.900;9,000.50;0.00;0.00;1,500.08;RSD;8914386442;2024-08-15;YES;NO;217;OMV-RS;;;;D;0.00;No;790922;2024-08-09;1;
710111;107248;328;BG 2054 - PX;2024-07-03 11:24:00;OMV EVRO DIZEL;40.74;7,923.93;1,320.65;00385954;139867;139867;                  ;SR;RUMA;OMV EVRO DIZEL;194.500;7,923.93;0.00;0.00;1,320.65;RSD;8914381536;2024-07-15;YES;NO;217;OMV-RS;;;;D;8,351.70;Yes;712454;2024-07-03;1;
710111;107248;328;BG 2054 - PX;2024-07-02 06:33:00;OMV EVRO DIZEL;35.77;6,957.27;1,159.54;00362299;138404;138404;                  ;SR;OBILAZNICA 1;OMV EVRO DIZEL;194.500;6,957.27;0.00;0.00;1,159.54;RSD;8914381536;2024-07-15;YES;NO;217;OMV-RS;;;;D;7,332.90;Yes;763326;2024-07-02;1;
710111;107248;328;BG 2054 - PX;2024-07-08 11:12:00;OMV EVRO DIZEL;52.89;10,445.78;1,740.96;00135691;0;0;                  ;SR;VRANJE;OMV EVRO DIZEL;197.500;10,445.78;0.00;0.00;1,740.96;RSD;8914381536;2024-07-15;YES;NO;117;OMV-RS;;;;D;11,001.10;Yes;711223;2024-07-08;1;
710111;107248;328;BG 2054 - PX;2024-07-11 09:14:00;ED MAXXMOTION;56.31;13,002.00;2,167.00;00367382;0;0;                  ;SR;OBILAZNICA 1;ED MAXXMOTION;230.900;13,002.00;0.00;0.00;2,167.00;RSD;8914381536;2024-07-15;YES;NO;217;OMV-RS;;;;D;0.00;No;791426;2024-07-11;1;
710111;107248;328;BG 2054 - PX;2024-07-19 07:09:00;OMV EVRO DIZEL;47.29;9,079.68;1,513.28;00393654;141503;141503;                  ;SR;RUMA;OMV EVRO DIZEL;192.000;9,079.68;0.00;0.00;1,513.28;RSD;8914384142;2024-07-31;YES;NO;217;OMV-RS;;;;D;9,836.30;Yes;770950;2024-07-19;1;
710111;107248;328;BG 2054 - PX;2024-07-26 12:26:00;OMV EVRO DIZEL;41.00;7,790.00;1,298.33;00208634;142153;142153;                  ;SR;LAPOVO SEVER;OMV EVRO DIZEL;190.000;7,790.00;0.00;0.00;1,298.33;RSD;8914384142;2024-07-31;YES;NO;217;OMV-RS;;;;D;8,405.00;Yes;723517;2024-07-26;1;
710111;107248;328;BG 2054 - PX;2024-08-01 09:38:00;AdBlue;10.36;717.74;119.62;00401097;0;0;                  ;SR;RUMA;AdBlue;69.280;717.74;0.00;0.00;119.62;RSD;8914386442;2024-08-15;YES;NO;217;OMV-RS;;;;D;1,284.60;Yes;793826;2024-08-01;1;
710111;107248;328;BG 2054 - PX;2024-08-02 11:57:00;OMV EVRO DIZEL;37.13;6,980.44;1,163.41;00499655;0;0;                  ;SR;ADA CIGANLIJA;OMV EVRO DIZEL;188.000;6,980.44;0.00;0.00;1,163.41;RSD;8914386442;2024-08-15;YES;NO;217;OMV-RS;;;;D;7,500.30;Yes;715715;2024-08-02;1;
710111;107248;328;BG 2054 - PX;2024-08-07 15:11:00;OMV EVRO DIZEL;40.08;7,494.96;1,249.16;00163365;0;0;                  ;SR;MARTINCI 1;OMV EVRO DIZEL;187.000;7,494.96;0.00;0.00;1,249.16;RSD;8914386442;2024-08-15;YES;NO;217;OMV-RS;;;;D;8,056.10;Yes;751134;2024-08-07;1;
710111;107248;328;BG 2054 - PX;2024-08-13 08:33:00;OMV EVRO DIZEL;48.49;8,922.16;1,487.03;00505976;0;0;                  ;SR;ADA CIGANLIJA;OMV EVRO DIZEL;184.000;8,922.16;0.00;0.00;1,487.03;RSD;8914386442;2024-08-15;YES;NO;217;OMV-RS;;;;D;9,601.00;Yes;783336;2024-08-13;1;
710111;107248;328;BG 2054 - PX;2024-08-15 15:35:00;OMV EVRO DIZEL;45.47;8,366.48;1,394.41;00000369;0;0;                  ;SR;DOBANOVCI-SURCIN;OMV EVRO DIZEL;184.000;8,366.48;0.00;0.00;1,394.41;RSD;8914386442;2024-08-15;YES;NO;217;OMV-RS;;;;D;9,003.10;Yes;753612;2024-08-15;1;
710111;107248;328;BG 2054 - PX;2024-08-22 10:38:00;OMV EVRO DIZEL;32.54;5,987.36;997.89;00420798;145619;145619;                  ;SR;LAPOVO SEVER;OMV EVRO DIZEL;184.000;5,987.36;0.00;0.00;997.89;RSD;;;NO;NO;217;OMV-RS;;;;D;6,442.90;Yes;704758;2024-08-22;1;
710111;107248;328;BG 2054 - PX;2024-08-28 08:19:00;OMV EVRO DIZEL;44.62;8,076.22;1,346.04;00513827;0;0;                  ;SR;ADA CIGANLIJA;OMV EVRO DIZEL;181.000;8,076.22;0.00;0.00;1,346.04;RSD;;;NO;NO;217;OMV-RS;;;;D;8,700.90;Yes;781907;2024-08-28;1;
710111;107248;328;BG 2054 - PX;2024-08-30 15:08:00;OMV EVRO DIZEL;51.55;9,279.00;1,546.50;00485151;0;0;                  ;SR;MARTINCI 1;OMV EVRO DIZEL;180.000;9,279.00;0.00;0.00;1,546.50;RSD;;;NO;NO;217;OMV-RS;;;;D;10,000.70;Yes;750818;2024-08-30;1;
710111;107248;377;BG 593 - ST;2024-07-20 11:17:00;OMV EVRO DIZEL;48.17;9,152.30;1,525.38;00184992;361700;361700;                  ;SR;BESKA 1;OMV EVRO DIZEL;190.000;9,152.30;0.00;0.00;1,525.38;RSD;8914384142;2024-07-31;YES;NO;217;OMV-RS;;;;D;9,874.90;Yes;711738;2024-07-20;1;
710111;107248;377;BG 593 - ST;2024-07-03 06:02:00;OMV EVRO DIZEL;45.60;8,869.20;1,478.20;00417291;358636;358636;                  ;SR;OBILAZNICA 1;OMV EVRO DIZEL;194.500;8,869.20;0.00;0.00;1,478.20;RSD;8914381536;2024-07-15;YES;NO;217;OMV-RS;;;;D;9,348.00;Yes;760245;2024-07-03;1;
710111;107248;377;BG 593 - ST;2024-07-05 10:52:00;OMV EVRO DIZEL;45.71;8,890.60;1,481.77;00495951;359182;359182;                  ;SR;BESKA 2;OMV EVRO DIZEL;194.500;8,890.60;0.00;0.00;1,481.77;RSD;8914381536;2024-07-15;YES;NO;217;OMV-RS;;;;D;9,370.60;Yes;705220;2024-07-05;1;
710111;107248;377;BG 593 - ST;2024-07-07 16:31:00;OMV EVRO DIZEL;48.05;9,489.88;1,581.65;00130097;359740;359740;                  ;SR;NOVI SAD;OMV EVRO DIZEL;197.500;9,489.88;0.00;0.00;1,581.65;RSD;8914381536;2024-07-15;YES;NO;217;OMV-RS;;;;D;9,994.40;Yes;763119;2024-07-07;1;
710111;107248;377;BG 593 - ST;2024-07-13 07:56:00;OMV EVRO DIZEL;44.81;8,693.14;1,448.86;00500920;686;686;                  ;SR;BESKA 1;OMV EVRO DIZEL;194.000;8,693.14;0.00;0.00;1,448.86;RSD;8914381536;2024-07-15;YES;NO;217;OMV-RS;;;;D;9,320.50;Yes;775619;2024-07-13;1;
710111;107248;377;BG 593 - ST;2024-07-17 00:47:00;OMV EVRO DIZEL;37.97;7,328.21;1,221.37;00283628;361100;361100;                  ;SR;NOVI SAD;OMV EVRO DIZEL;193.000;7,328.21;0.00;0.00;1,221.37;RSD;8914384142;2024-07-31;YES;NO;217;OMV-RS;;;;D;7,897.80;Yes;704755;2024-07-17;1;
710111;107248;377;BG 593 - ST;2024-07-23 07:56:00;OMV EVRO DIZEL;45.82;8,705.80;1,450.97;00510033;362179;362179;                  ;SR;BESKA 1;OMV EVRO DIZEL;190.000;8,705.80;0.00;0.00;1,450.97;RSD;8914384142;2024-07-31;YES;NO;217;OMV-RS;;;;D;9,393.10;Yes;775615;2024-07-23;1;
710111;107248;146;BG 996 - FJ;2024-07-12 08:52:00;ED MAXXMOTION;43.88;9,517.60;1,586.27;00240933;220632;220632;                  ;SR;ZAJECAR;ED MAXXMOTION;216.901;9,517.60;0.00;0.00;1,586.27;RSD;8914381536;2024-07-15;YES;NO;117;OMV-RS;;;;D;0.00;No;785310;2024-07-12;1;
710111;107248;146;BG 996 - FJ;2024-07-24 19:43:00;ED MAXXMOTION;47.06;10,066.10;1,677.68;00245106;221561;221561;                  ;SR;ZAJECAR;ED MAXXMOTION;213.899;10,066.10;0.00;0.00;1,677.68;RSD;8914384142;2024-07-31;YES;NO;117;OMV-RS;;;;D;0.00;No;794335;2024-07-24;1;
710111;107248;146;BG 996 - FJ;2024-08-01 12:46:00;ED MAXXMOTION;46.62;9,832.20;1,638.70;00499100;222475;222475;                  ;SR;ADA CIGANLIJA;ED MAXXMOTION;210.901;9,832.20;0.00;0.00;1,638.70;RSD;8914386442;2024-08-15;YES;NO;217;OMV-RS;;;;D;0.00;No;724659;2024-08-01;1;
710111;107248;146;BG 996 - FJ;2024-08-19 11:19:00;ED MAXXMOTION;48.54;10,042.90;1,673.82;00117525;223394;223394;                  ;SR;ZAJECAR;ED MAXXMOTION;206.899;10,042.90;0.00;0.00;1,673.82;RSD;;;NO;NO;117;OMV-RS;;;;D;0.00;No;711927;2024-08-19;1;
710111;107248;146;BG 996 - FJ;2024-08-27 17:14:00;ED MAXXMOTION;45.10;9,195.90;1,532.65;00256762;224335;224335;                  ;SR;ZAJECAR;ED MAXXMOTION;203.900;9,195.90;0.00;0.00;1,532.65;RSD;;;NO;NO;117;OMV-RS;;;;D;0.00;No;771450;2024-08-27;1;
710111;107248;286;BG 2024 - OT;2024-07-30 10:32:00;ED MAXXMOTION;35.11;7,404.70;1,234.12;00298297;0;0;                  ;SR;ADA CIGANLIJA;ED MAXXMOTION;210.900;7,404.70;0.00;0.00;1,234.12;RSD;8914384142;2024-07-31;YES;NO;217;OMV-RS;;;;D;0.00;No;703223;2024-07-30;1;
710111;107248;286;BG 2024 - OT;2024-08-23 14:52:00;ED MAXXMOTION;55.02;12,153.90;2,025.65;00019413;35269;35269;                  ;SR;RUMA;ED MAXXMOTION;220.900;12,153.90;0.00;0.00;2,025.65;RSD;;;NO;NO;217;OMV-RS;;;;D;0.00;No;745242;2024-08-23;1;
710111;107248;286;BG 2024 - OT;2024-08-30 07:07:00;OMV EVRO DIZEL;26.46;4,789.26;798.21;00515082;37000;37000;                  ;SR;ADA CIGANLIJA;OMV EVRO DIZEL;181.000;4,789.26;0.00;0.00;798.21;RSD;;;NO;NO;217;OMV-RS;;;;D;5,159.70;Yes;770804;2024-08-30;1;
710111;107248;229;BG 1017 - OU;2024-08-18 13:53:00;OMV EVRO DIZEL;29.00;5,336.00;889.33;00508899;145265;145265;                  ;SR;ADA CIGANLIJA;OMV EVRO DIZEL;184.000;5,336.00;0.00;0.00;889.33;RSD;;;NO;NO;217;OMV-RS;;;;D;5,742.00;Yes;735329;2024-08-18;1;
710111;107248;229;BG 1017 - OU;2024-07-08 11:45:00;OMV EVRO DIZEL;40.86;8,069.85;1,344.97;00277579;0;0;                  ;SR;ALEKSINAC;OMV EVRO DIZEL;197.500;8,069.85;0.00;0.00;1,344.97;RSD;8914381536;2024-07-15;YES;NO;217;OMV-RS;;;;D;8,498.90;Yes;714522;2024-07-08;1;
710111;107248;229;BG 1017 - OU;2024-07-12 12:18:00;OMV EVRO DIZEL;33.69;6,569.55;1,094.92;00392506;0;0;                  ;SR;LAPOVO SEVER;OMV EVRO DIZEL;195.000;6,569.55;0.00;0.00;1,094.92;RSD;8914381536;2024-07-15;YES;NO;217;OMV-RS;;;;D;7,007.50;Yes;722713;2024-07-12;1;
710111;107248;229;BG 1017 - OU;2024-07-17 08:45:00;OMV EVRO DIZEL;36.25;6,996.25;1,166.04;00385884;0;0;                  ;SR;VRANJE;OMV EVRO DIZEL;193.000;6,996.25;0.00;0.00;1,166.04;RSD;8914384142;2024-07-31;YES;NO;117;OMV-RS;;;;D;7,540.00;Yes;784603;2024-07-17;1;
710111;107248;229;BG 1017 - OU;2024-08-12 14:34:00;OMV EVRO DIZEL;43.01;7,913.84;1,318.97;00505590;163632;163632;                  ;SR;ADA CIGANLIJA;OMV EVRO DIZEL;184.000;7,999.86;0.00;0.00;1,318.97;RSD;8914386442;2024-08-15;YES;NO;217;OMV-RS;;;;D;8,516.00;Yes;743434;2024-08-12;1;
710111;107248;229;BG 1017 - OU;2024-09-02 08:35:00;ED MAXXMOTION;42.52;8,627.30;;00517417;164701;164701;;SR;Beograd;ED MAXXMOTION;202.900;8,627.30;;;;RSD;;;NO;;0;OMV-RS;;;;D;0.00;;783542;2024-09-02;0;
710111;107248;187;BG 2634 - IZ;2024-07-02 12:10:00;ED MAXXMOTION;38.17;8,164.60;1,360.77;00295376;221793;221793;                  ;SR;UZICE;ED MAXXMOTION;213.901;8,164.60;0.00;0.00;1,360.77;RSD;8914381536;2024-07-15;YES;NO;117;OMV-RS;;;;D;0.00;No;721046;2024-07-02;1;
710111;107248;187;BG 2634 - IZ;2024-07-13 19:59:00;ED MAXXMOTION;37.41;8,114.20;1,352.37;00165857;222572;222572;                  ;SR;UZICE;ED MAXXMOTION;216.899;8,114.20;0.00;0.00;1,352.37;RSD;8914381536;2024-07-15;YES;NO;117;OMV-RS;;;;D;0.00;No;795932;2024-07-13;1;
710111;107248;187;BG 2634 - IZ;2024-07-26 09:12:00;ED MAXXMOTION;45.29;9,687.50;1,614.58;00208453;223456;223456;                  ;SR;CACAK;ED MAXXMOTION;213.899;9,687.50;0.00;0.00;1,614.58;RSD;8914384142;2024-07-31;YES;NO;217;OMV-RS;;;;D;0.00;No;791220;2024-07-26;1;
710111;107248;187;BG 2634 - IZ;2024-08-05 15:03:00;ED MAXXMOTION;43.69;9,170.50;1,528.42;00402599;224334;224334;                  ;SR;BULEVAR;ED MAXXMOTION;209.899;9,170.50;0.00;0.00;1,528.42;RSD;8914386442;2024-08-15;YES;NO;117;OMV-RS;;;;D;0.00;No;750337;2024-08-05;1;
710111;107248;187;BG 2634 - IZ;2024-08-17 19:45:00;ED MAXXMOTION;40.84;8,449.80;1,408.30;00216508;225136;225136;                  ;SR;CACAK;ED MAXXMOTION;206.900;8,449.80;0.00;0.00;1,408.30;RSD;;;NO;NO;217;OMV-RS;;;;D;0.00;No;794556;2024-08-17;1;
710111;107248;187;BG 2634 - IZ;2024-08-26 11:16:00;ED MAXXMOTION;25.83;5,266.70;877.78;00320023;225721;225721;                  ;SR;UZICE;ED MAXXMOTION;203.899;5,266.70;0.00;0.00;877.78;RSD;;;NO;NO;117;OMV-RS;;;;D;0.00;No;711645;2024-08-26;1;
